Local time,Open,High,Low,Close,Volume
02.04.2018 00:00:00.000 GMT+0800,106.249,106.249,106.249,106.249,0
02.04.2018 01:00:00.000 GMT+0800,106.249,106.249,106.249,106.249,0
02.04.2018 02:00:00.000 GMT+0800,106.249,106.249,106.249,106.249,0
02.04.2018 03:00:00.000 GMT+0800,106.249,106.249,106.249,106.249,0
02.04.2018 04:00:00.000 GMT+0800,106.249,106.249,106.249,106.249,0
02.04.2018 05:00:00.000 GMT+0800,106.167,106.268,106.167,106.260,241.63
02.04.2018 06:00:00.000 GMT+0800,106.261,106.405,106.261,106.301,3701.5801
02.04.2018 07:00:00.000 GMT+0800,106.301,106.349,106.253,106.318,4253.4702
02.04.2018 08:00:00.000 GMT+0800,106.320,106.367,106.186,106.281,8543.8799
02.04.2018 09:00:00.000 GMT+0800,106.282,106.381,106.231,106.337,6279.8301
02.04.2018 10:00:00.000 GMT+0800,106.336,106.350,106.280,106.326,5011.52
02.04.2018 11:00:00.000 GMT+0800,106.325,106.390,106.304,106.357,3742.78
02.04.2018 12:00:00.000 GMT+0800,106.358,106.369,106.303,106.331,4042.3799
02.04.2018 13:00:00.000 GMT+0800,106.330,106.377,106.300,106.313,3506.3701
02.04.2018 14:00:00.000 GMT+0800,106.312,106.361,106.284,106.330,2883.29
02.04.2018 15:00:00.000 GMT+0800,106.329,106.331,106.276,106.290,2226.1699
02.04.2018 16:00:00.000 GMT+0800,106.289,106.317,106.268,106.283,1549.98
02.04.2018 17:00:00.000 GMT+0800,106.283,106.292,106.263,106.291,827.64
02.04.2018 18:00:00.000 GMT+0800,106.292,106.318,106.285,106.285,1448.51
02.04.2018 19:00:00.000 GMT+0800,106.287,106.307,106.264,106.280,2869.01
02.04.2018 20:00:00.000 GMT+0800,106.279,106.429,106.267,106.427,5761.3799
02.04.2018 21:00:00.000 GMT+0800,106.426,106.448,106.341,106.353,8807.7695
02.04.2018 22:00:00.000 GMT+0800,106.352,106.439,106.208,106.220,9994.46
02.04.2018 23:00:00.000 GMT+0800,106.219,106.230,105.944,105.995,10509.5703
03.04.2018 00:00:00.000 GMT+0800,105.995,106.121,105.987,106.014,9396.1201
03.04.2018 01:00:00.000 GMT+0800,106.012,106.034,105.666,105.667,13107.79
03.04.2018 02:00:00.000 GMT+0800,105.666,105.872,105.657,105.848,13169.2305
03.04.2018 03:00:00.000 GMT+0800,105.847,105.946,105.820,105.898,9287.6201
03.04.2018 04:00:00.000 GMT+0800,105.897,105.947,105.878,105.878,2673.8799
03.04.2018 05:00:00.000 GMT+0800,105.878,105.911,105.816,105.847,6719.5
03.04.2018 06:00:00.000 GMT+0800,105.847,105.887,105.833,105.834,1743.66
03.04.2018 07:00:00.000 GMT+0800,105.833,105.848,105.738,105.795,3804.9199
03.04.2018 08:00:00.000 GMT+0800,105.796,105.854,105.692,105.810,7761.1802
03.04.2018 09:00:00.000 GMT+0800,105.809,105.936,105.799,105.861,7784.5298
03.04.2018 10:00:00.000 GMT+0800,105.861,105.953,105.819,105.904,5060.5098
03.04.2018 11:00:00.000 GMT+0800,105.904,105.976,105.868,105.949,4798.0498
03.04.2018 12:00:00.000 GMT+0800,105.948,105.976,105.921,105.936,3611.1299
03.04.2018 13:00:00.000 GMT+0800,105.936,106.036,105.873,105.988,5862
03.04.2018 14:00:00.000 GMT+0800,105.986,106.070,105.758,105.897,8272.5596
03.04.2018 15:00:00.000 GMT+0800,105.895,106.092,105.893,106.042,9633.8604
03.04.2018 16:00:00.000 GMT+0800,106.044,106.191,106.039,106.099,7981.48
03.04.2018 17:00:00.000 GMT+0800,106.097,106.207,106.056,106.202,7207.52
03.04.2018 18:00:00.000 GMT+0800,106.202,106.268,106.129,106.197,6703.02
03.04.2018 19:00:00.000 GMT+0800,106.199,106.273,106.160,106.248,7921.4902
03.04.2018 20:00:00.000 GMT+0800,106.247,106.302,106.202,106.293,8166.9302
03.04.2018 21:00:00.000 GMT+0800,106.296,106.575,106.270,106.465,13431.8701
03.04.2018 22:00:00.000 GMT+0800,106.464,106.593,106.380,106.556,15885.8203
03.04.2018 23:00:00.000 GMT+0800,106.556,106.578,106.438,106.439,11525.1299
04.04.2018 00:00:00.000 GMT+0800,106.441,106.498,106.391,106.441,8464.3096
04.04.2018 01:00:00.000 GMT+0800,106.441,106.578,106.407,106.561,8968.0195
04.04.2018 02:00:00.000 GMT+0800,106.561,106.578,106.421,106.573,9687.7598
04.04.2018 03:00:00.000 GMT+0800,106.571,106.655,106.535,106.647,12156.3301
04.04.2018 04:00:00.000 GMT+0800,106.650,106.653,106.591,106.607,2245.3701
04.04.2018 05:00:00.000 GMT+0800,106.606,106.654,106.591,106.594,4093.6299
04.04.2018 06:00:00.000 GMT+0800,106.593,106.618,106.494,106.503,2816.6899
04.04.2018 07:00:00.000 GMT+0800,106.505,106.545,106.425,106.441,3224.5701
04.04.2018 08:00:00.000 GMT+0800,106.445,106.590,106.409,106.523,8956.0996
04.04.2018 09:00:00.000 GMT+0800,106.525,106.584,106.431,106.514,8866.6201
04.04.2018 10:00:00.000 GMT+0800,106.514,106.546,106.459,106.476,5460.96
04.04.2018 11:00:00.000 GMT+0800,106.478,106.560,106.464,106.506,5080.6602
04.04.2018 12:00:00.000 GMT+0800,106.507,106.557,106.485,106.557,4137.4399
04.04.2018 13:00:00.000 GMT+0800,106.556,106.591,106.496,106.540,5667.04
04.04.2018 14:00:00.000 GMT+0800,106.540,106.687,106.529,106.653,6332.5298
04.04.2018 15:00:00.000 GMT+0800,106.650,106.650,106.193,106.204,12040.5996
04.04.2018 16:00:00.000 GMT+0800,106.205,106.221,105.990,106.197,14193.8203
04.04.2018 17:00:00.000 GMT+0800,106.199,106.210,106.106,106.169,8116.3198
04.04.2018 18:00:00.000 GMT+0800,106.170,106.176,105.992,106.135,14578.4502
04.04.2018 19:00:00.000 GMT+0800,106.136,106.247,106.124,106.174,9014.3096
04.04.2018 20:00:00.000 GMT+0800,106.174,106.278,106.121,106.248,11676.0303
04.04.2018 21:00:00.000 GMT+0800,106.248,106.356,106.188,106.324,12409.8604
04.04.2018 22:00:00.000 GMT+0800,106.335,106.566,106.238,106.551,12901.4404
04.04.2018 23:00:00.000 GMT+0800,106.551,106.628,106.472,106.559,10923.8701
05.04.2018 00:00:00.000 GMT+0800,106.558,106.650,106.535,106.612,7931.71
05.04.2018 01:00:00.000 GMT+0800,106.614,106.623,106.509,106.573,7660.4502
05.04.2018 02:00:00.000 GMT+0800,106.576,106.799,106.576,106.741,9750.1201
05.04.2018 03:00:00.000 GMT+0800,106.739,106.822,106.680,106.796,8476.6201
05.04.2018 04:00:00.000 GMT+0800,106.796,106.846,106.756,106.773,2690.8999
05.04.2018 05:00:00.000 GMT+0800,106.772,106.774,106.720,106.760,5426.0698
05.04.2018 06:00:00.000 GMT+0800,106.759,106.811,106.729,106.780,1709.6899
05.04.2018 07:00:00.000 GMT+0800,106.780,106.804,106.741,106.785,2935.05
05.04.2018 08:00:00.000 GMT+0800,106.789,106.877,106.710,106.867,9214.6504
05.04.2018 09:00:00.000 GMT+0800,106.864,106.972,106.776,106.960,8919.5596
05.04.2018 10:00:00.000 GMT+0800,106.959,106.987,106.899,106.975,5529.2402
05.04.2018 11:00:00.000 GMT+0800,106.975,106.992,106.899,106.919,4740.8599
05.04.2018 12:00:00.000 GMT+0800,106.919,107.023,106.902,106.936,5970.0801
05.04.2018 13:00:00.000 GMT+0800,106.936,106.945,106.832,106.898,5922.5498
05.04.2018 14:00:00.000 GMT+0800,106.898,107.086,106.866,107.057,7867.8999
05.04.2018 15:00:00.000 GMT+0800,107.057,107.152,107.053,107.056,8868.6104
05.04.2018 16:00:00.000 GMT+0800,107.057,107.143,107.028,107.115,7264.77
05.04.2018 17:00:00.000 GMT+0800,107.115,107.127,106.951,107.050,6903.0698
05.04.2018 18:00:00.000 GMT+0800,107.053,107.061,106.966,106.995,7603.46
05.04.2018 19:00:00.000 GMT+0800,106.997,107.094,106.973,107.042,6312.3799
05.04.2018 20:00:00.000 GMT+0800,107.050,107.146,107.005,107.081,9769.8398
05.04.2018 21:00:00.000 GMT+0800,107.080,107.131,107.000,107.129,10755.6201
05.04.2018 22:00:00.000 GMT+0800,107.130,107.491,107.111,107.455,12394.2402
05.04.2018 23:00:00.000 GMT+0800,107.456,107.485,107.393,107.480,9259.8896
06.04.2018 00:00:00.000 GMT+0800,107.480,107.482,107.340,107.427,76157.9531
06.04.2018 01:00:00.000 GMT+0800,107.427,107.452,107.320,107.373,6826.4302
06.04.2018 02:00:00.000 GMT+0800,107.374,107.448,107.365,107.440,5614.5801
06.04.2018 03:00:00.000 GMT+0800,107.439,107.489,107.379,107.465,4414.0601
06.04.2018 04:00:00.000 GMT+0800,107.467,107.478,107.369,107.381,2168.97
06.04.2018 05:00:00.000 GMT+0800,107.381,107.429,107.367,107.413,4150.6899
06.04.2018 06:00:00.000 GMT+0800,107.412,107.435,107.155,107.156,3921.1101
06.04.2018 07:00:00.000 GMT+0800,107.156,107.197,107.000,107.106,9513
06.04.2018 08:00:00.000 GMT+0800,107.105,107.187,107.064,107.152,10465.8096
06.04.2018 09:00:00.000 GMT+0800,107.153,107.183,106.994,107.143,11735.5195
06.04.2018 10:00:00.000 GMT+0800,107.145,107.264,107.130,107.217,7412.75
06.04.2018 11:00:00.000 GMT+0800,107.218,107.285,107.175,107.228,7089.3501
06.04.2018 12:00:00.000 GMT+0800,107.229,107.439,107.224,107.351,7968.8799
06.04.2018 13:00:00.000 GMT+0800,107.350,107.381,107.268,107.286,8100.6899
06.04.2018 14:00:00.000 GMT+0800,107.288,107.430,107.276,107.418,7740.8398
06.04.2018 15:00:00.000 GMT+0800,107.419,107.460,107.351,107.400,7800.2998
06.04.2018 16:00:00.000 GMT+0800,107.405,107.443,107.352,107.414,5670.3301
06.04.2018 17:00:00.000 GMT+0800,107.414,107.422,107.323,107.329,4908.8301
06.04.2018 18:00:00.000 GMT+0800,107.325,107.402,107.323,107.387,4623.9702
06.04.2018 19:00:00.000 GMT+0800,107.387,107.392,107.307,107.308,5085.6401
06.04.2018 20:00:00.000 GMT+0800,107.309,107.406,107.125,107.225,12960.7998
06.04.2018 21:00:00.000 GMT+0800,107.223,107.285,106.988,107.216,15116.4902
06.04.2018 22:00:00.000 GMT+0800,107.216,107.256,107.071,107.119,12787.8496
06.04.2018 23:00:00.000 GMT+0800,107.118,107.118,106.948,107.044,12720.9004
07.04.2018 00:00:00.000 GMT+0800,107.044,107.154,106.996,107.108,9995.5303
07.04.2018 01:00:00.000 GMT+0800,107.108,107.110,106.830,106.852,11492.6504
07.04.2018 02:00:00.000 GMT+0800,106.851,106.930,106.824,106.841,11003.21
07.04.2018 03:00:00.000 GMT+0800,106.840,106.922,106.775,106.870,12432.7305
07.04.2018 04:00:00.000 GMT+0800,106.870,106.976,106.844,106.902,3049.2
07.04.2018 05:00:00.000 GMT+0800,106.902,106.902,106.902,106.902,0
07.04.2018 06:00:00.000 GMT+0800,106.902,106.902,106.902,106.902,0
07.04.2018 07:00:00.000 GMT+0800,106.902,106.902,106.902,106.902,0
07.04.2018 08:00:00.000 GMT+0800,106.902,106.902,106.902,106.902,0
07.04.2018 09:00:00.000 GMT+0800,106.902,106.902,106.902,106.902,0
07.04.2018 10:00:00.000 GMT+0800,106.902,106.902,106.902,106.902,0
07.04.2018 11:00:00.000 GMT+0800,106.902,106.902,106.902,106.902,0
07.04.2018 12:00:00.000 GMT+0800,106.902,106.902,106.902,106.902,0
07.04.2018 13:00:00.000 GMT+0800,106.902,106.902,106.902,106.902,0
07.04.2018 14:00:00.000 GMT+0800,106.902,106.902,106.902,106.902,0
07.04.2018 15:00:00.000 GMT+0800,106.902,106.902,106.902,106.902,0
07.04.2018 16:00:00.000 GMT+0800,106.902,106.902,106.902,106.902,0
07.04.2018 17:00:00.000 GMT+0800,106.902,106.902,106.902,106.902,0
07.04.2018 18:00:00.000 GMT+0800,106.902,106.902,106.902,106.902,0
07.04.2018 19:00:00.000 GMT+0800,106.902,106.902,106.902,106.902,0
07.04.2018 20:00:00.000 GMT+0800,106.902,106.902,106.902,106.902,0
07.04.2018 21:00:00.000 GMT+0800,106.902,106.902,106.902,106.902,0
07.04.2018 22:00:00.000 GMT+0800,106.902,106.902,106.902,106.902,0
07.04.2018 23:00:00.000 GMT+0800,106.902,106.902,106.902,106.902,0
08.04.2018 00:00:00.000 GMT+0800,106.902,106.902,106.902,106.902,0
08.04.2018 01:00:00.000 GMT+0800,106.902,106.902,106.902,106.902,0
08.04.2018 02:00:00.000 GMT+0800,106.902,106.902,106.902,106.902,0
08.04.2018 03:00:00.000 GMT+0800,106.902,106.902,106.902,106.902,0
08.04.2018 04:00:00.000 GMT+0800,106.902,106.902,106.902,106.902,0
08.04.2018 05:00:00.000 GMT+0800,106.902,106.902,106.902,106.902,0
08.04.2018 06:00:00.000 GMT+0800,106.902,106.902,106.902,106.902,0
08.04.2018 07:00:00.000 GMT+0800,106.902,106.902,106.902,106.902,0
08.04.2018 08:00:00.000 GMT+0800,106.902,106.902,106.902,106.902,0
08.04.2018 09:00:00.000 GMT+0800,106.902,106.902,106.902,106.902,0
08.04.2018 10:00:00.000 GMT+0800,106.902,106.902,106.902,106.902,0
08.04.2018 11:00:00.000 GMT+0800,106.902,106.902,106.902,106.902,0
08.04.2018 12:00:00.000 GMT+0800,106.902,106.902,106.902,106.902,0
08.04.2018 13:00:00.000 GMT+0800,106.902,106.902,106.902,106.902,0
08.04.2018 14:00:00.000 GMT+0800,106.902,106.902,106.902,106.902,0
08.04.2018 15:00:00.000 GMT+0800,106.902,106.902,106.902,106.902,0
08.04.2018 16:00:00.000 GMT+0800,106.902,106.902,106.902,106.902,0
08.04.2018 17:00:00.000 GMT+0800,106.902,106.902,106.902,106.902,0
08.04.2018 18:00:00.000 GMT+0800,106.902,106.902,106.902,106.902,0
08.04.2018 19:00:00.000 GMT+0800,106.902,106.902,106.902,106.902,0
08.04.2018 20:00:00.000 GMT+0800,106.902,106.902,106.902,106.902,0
08.04.2018 21:00:00.000 GMT+0800,106.902,106.902,106.902,106.902,0
08.04.2018 22:00:00.000 GMT+0800,106.902,106.902,106.902,106.902,0
08.04.2018 23:00:00.000 GMT+0800,106.902,106.902,106.902,106.902,0
09.04.2018 00:00:00.000 GMT+0800,106.902,106.902,106.902,106.902,0
09.04.2018 01:00:00.000 GMT+0800,106.902,106.902,106.902,106.902,0
09.04.2018 02:00:00.000 GMT+0800,106.902,106.902,106.902,106.902,0
09.04.2018 03:00:00.000 GMT+0800,106.902,106.902,106.902,106.902,0
09.04.2018 04:00:00.000 GMT+0800,106.902,106.902,106.902,106.902,0
09.04.2018 05:00:00.000 GMT+0800,106.931,106.948,106.889,106.913,207.64
09.04.2018 06:00:00.000 GMT+0800,106.912,107.039,106.893,106.893,3693.95
09.04.2018 07:00:00.000 GMT+0800,106.893,106.998,106.802,106.958,6285.4902
09.04.2018 08:00:00.000 GMT+0800,106.956,107.015,106.856,106.887,8035.9399
09.04.2018 09:00:00.000 GMT+0800,106.887,106.966,106.838,106.918,8964.9297
09.04.2018 10:00:00.000 GMT+0800,106.918,106.966,106.893,106.957,4214.8398
09.04.2018 11:00:00.000 GMT+0800,106.961,107.067,106.937,107.035,5857.7402
09.04.2018 12:00:00.000 GMT+0800,107.035,107.048,106.999,107.017,6391.8501
09.04.2018 13:00:00.000 GMT+0800,107.018,107.044,106.954,106.979,5499.9702
09.04.2018 14:00:00.000 GMT+0800,106.981,107.129,106.963,107.097,7029.25
09.04.2018 15:00:00.000 GMT+0800,107.097,107.146,106.955,107.088,10022.9004
09.04.2018 16:00:00.000 GMT+0800,107.087,107.154,107.066,107.088,9413.3203
09.04.2018 17:00:00.000 GMT+0800,107.086,107.156,107.073,107.143,4757.6299
09.04.2018 18:00:00.000 GMT+0800,107.143,107.203,107.094,107.100,27543.3398
09.04.2018 19:00:00.000 GMT+0800,107.100,107.139,107.038,107.069,5527.0898
09.04.2018 20:00:00.000 GMT+0800,107.071,107.107,106.964,106.965,6634.3901
09.04.2018 21:00:00.000 GMT+0800,106.965,107.037,106.901,107.004,9374.9805
09.04.2018 22:00:00.000 GMT+0800,107.003,107.106,106.974,107.037,9452.4697
09.04.2018 23:00:00.000 GMT+0800,107.038,107.109,107.011,107.068,7974.5898
10.04.2018 00:00:00.000 GMT+0800,107.067,107.120,106.906,106.937,7692.71
10.04.2018 01:00:00.000 GMT+0800,106.938,106.961,106.912,106.916,5834.75
10.04.2018 02:00:00.000 GMT+0800,106.915,106.919,106.750,106.775,7450.4302
10.04.2018 03:00:00.000 GMT+0800,106.775,106.778,106.616,106.673,19498.3594
10.04.2018 04:00:00.000 GMT+0800,106.673,106.788,106.646,106.752,2335.26
10.04.2018 05:00:00.000 GMT+0800,106.757,106.798,106.708,106.786,4540.8599
10.04.2018 06:00:00.000 GMT+0800,106.786,106.786,106.709,106.733,2481.9299
10.04.2018 07:00:00.000 GMT+0800,106.732,106.759,106.703,106.755,2905.5
10.04.2018 08:00:00.000 GMT+0800,106.753,106.753,106.618,106.684,7278.04
10.04.2018 09:00:00.000 GMT+0800,106.683,106.947,106.679,106.929,9354.0996
10.04.2018 10:00:00.000 GMT+0800,106.930,107.242,106.879,107.174,12979.2305
10.04.2018 11:00:00.000 GMT+0800,107.173,107.188,107.053,107.087,7831.5498
10.04.2018 12:00:00.000 GMT+0800,107.086,107.136,107.078,107.117,5456.7002
10.04.2018 13:00:00.000 GMT+0800,107.116,107.184,107.096,107.142,5673.46
10.04.2018 14:00:00.000 GMT+0800,107.140,107.230,107.123,107.173,5872.6299
10.04.2018 15:00:00.000 GMT+0800,107.173,107.173,106.805,106.900,9534.21
10.04.2018 16:00:00.000 GMT+0800,106.900,107.063,106.844,106.983,8080.5898
10.04.2018 17:00:00.000 GMT+0800,106.982,107.035,106.973,107.013,5178.9102
10.04.2018 18:00:00.000 GMT+0800,107.013,107.091,106.976,107.047,4803.3198
10.04.2018 19:00:00.000 GMT+0800,107.047,107.070,106.932,107.057,8204.75
10.04.2018 20:00:00.000 GMT+0800,107.057,107.155,106.974,107.088,8403.8604
10.04.2018 21:00:00.000 GMT+0800,107.087,107.133,106.941,106.972,11133.2998
10.04.2018 22:00:00.000 GMT+0800,106.971,107.178,106.943,107.168,9690.6104
10.04.2018 23:00:00.000 GMT+0800,107.167,107.397,107.136,107.299,11288.96
11.04.2018 00:00:00.000 GMT+0800,107.298,107.303,107.126,107.224,11766.9902
11.04.2018 01:00:00.000 GMT+0800,107.223,107.331,107.123,107.323,8906.5996
11.04.2018 02:00:00.000 GMT+0800,107.324,107.374,107.145,107.169,10278.1699
11.04.2018 03:00:00.000 GMT+0800,107.170,107.212,107.126,107.157,9003.75
11.04.2018 04:00:00.000 GMT+0800,107.154,107.206,107.137,107.197,1884.42
11.04.2018 05:00:00.000 GMT+0800,107.192,107.250,107.190,107.193,6448.5098
11.04.2018 06:00:00.000 GMT+0800,107.193,107.226,107.171,107.207,1505.3199
11.04.2018 07:00:00.000 GMT+0800,107.209,107.225,107.095,107.131,3086.3799
11.04.2018 08:00:00.000 GMT+0800,107.130,107.135,106.970,107.099,8757.8701
11.04.2018 09:00:00.000 GMT+0800,107.098,107.151,107.080,107.090,7192.8101
11.04.2018 10:00:00.000 GMT+0800,107.092,107.131,107.056,107.120,4504.1299
11.04.2018 11:00:00.000 GMT+0800,107.120,107.142,107.022,107.061,4573.23
11.04.2018 12:00:00.000 GMT+0800,107.061,107.087,107.019,107.019,3401.1799
11.04.2018 13:00:00.000 GMT+0800,107.016,107.109,107.015,107.065,3193.1699
11.04.2018 14:00:00.000 GMT+0800,107.065,107.108,107.018,107.055,5203.77
11.04.2018 15:00:00.000 GMT+0800,107.056,107.085,106.982,107.008,5744.96
11.04.2018 16:00:00.000 GMT+0800,107.007,107.017,106.893,106.957,5309.52
11.04.2018 17:00:00.000 GMT+0800,106.956,107.027,106.933,106.951,3420.3799
11.04.2018 18:00:00.000 GMT+0800,106.951,106.983,106.865,106.895,5050.8701
11.04.2018 19:00:00.000 GMT+0800,106.897,106.904,106.748,106.850,8353.21
11.04.2018 20:00:00.000 GMT+0800,106.851,106.851,106.681,106.832,9000.0703
11.04.2018 21:00:00.000 GMT+0800,106.833,106.960,106.794,106.902,10079.9199
11.04.2018 22:00:00.000 GMT+0800,106.901,106.927,106.699,106.707,9909.5303
11.04.2018 23:00:00.000 GMT+0800,106.707,106.809,106.650,106.775,9992.4805
12.04.2018 00:00:00.000 GMT+0800,106.774,106.945,106.758,106.867,9269.9102
12.04.2018 01:00:00.000 GMT+0800,106.868,106.924,106.799,106.846,9837.4199
12.04.2018 02:00:00.000 GMT+0800,106.846,107.063,106.802,106.933,12084.25
12.04.2018 03:00:00.000 GMT+0800,106.933,106.942,106.780,106.854,8323.2402
12.04.2018 04:00:00.000 GMT+0800,106.855,106.873,106.782,106.786,2357.0601
12.04.2018 05:00:00.000 GMT+0800,106.785,106.844,106.776,106.798,5780.27
12.04.2018 06:00:00.000 GMT+0800,106.797,106.829,106.786,106.800,1029.46
12.04.2018 07:00:00.000 GMT+0800,106.801,106.865,106.791,106.825,2057.6101
12.04.2018 08:00:00.000 GMT+0800,106.826,106.872,106.700,106.852,7353.3198
12.04.2018 09:00:00.000 GMT+0800,106.852,106.926,106.832,106.857,6215.0601
12.04.2018 10:00:00.000 GMT+0800,106.855,106.934,106.855,106.879,5037.0098
12.04.2018 11:00:00.000 GMT+0800,106.880,106.903,106.815,106.864,3938.77
12.04.2018 12:00:00.000 GMT+0800,106.866,106.936,106.865,106.909,3958.49
12.04.2018 13:00:00.000 GMT+0800,106.909,106.972,106.893,106.933,4420.3999
12.04.2018 14:00:00.000 GMT+0800,106.935,106.940,106.835,106.876,5210.2598
12.04.2018 15:00:00.000 GMT+0800,106.876,106.926,106.848,106.899,6354.3999
12.04.2018 16:00:00.000 GMT+0800,106.899,106.926,106.820,106.824,5534.5298
12.04.2018 17:00:00.000 GMT+0800,106.823,106.960,106.823,106.917,5953.0298
12.04.2018 18:00:00.000 GMT+0800,106.917,107.180,106.917,107.155,7585.0698
12.04.2018 19:00:00.000 GMT+0800,107.155,107.203,107.096,107.178,6701.2002
12.04.2018 20:00:00.000 GMT+0800,107.178,107.241,107.110,107.235,8479.1797
12.04.2018 21:00:00.000 GMT+0800,107.236,107.429,107.179,107.375,11249.79
12.04.2018 22:00:00.000 GMT+0800,107.374,107.402,107.263,107.265,8131.8301
12.04.2018 23:00:00.000 GMT+0800,107.263,107.409,107.261,107.315,7705.7202
13.04.2018 00:00:00.000 GMT+0800,107.315,107.345,107.209,107.219,6214.5801
13.04.2018 01:00:00.000 GMT+0800,107.218,107.285,107.080,107.176,8573.7998
13.04.2018 02:00:00.000 GMT+0800,107.176,107.265,107.165,107.210,6384.8501
13.04.2018 03:00:00.000 GMT+0800,107.213,107.246,107.166,107.226,5973.8198
13.04.2018 04:00:00.000 GMT+0800,107.227,107.367,107.226,107.317,3351.8899
13.04.2018 05:00:00.000 GMT+0800,107.315,107.345,107.287,107.304,4642.2598
13.04.2018 06:00:00.000 GMT+0800,107.302,107.317,107.243,107.248,2164.3899
13.04.2018 07:00:00.000 GMT+0800,107.248,107.257,107.203,107.252,2512.6299
13.04.2018 08:00:00.000 GMT+0800,107.254,107.371,107.251,107.333,7514.9502
13.04.2018 09:00:00.000 GMT+0800,107.333,107.480,107.310,107.420,6188.52
13.04.2018 10:00:00.000 GMT+0800,107.420,107.433,107.319,107.369,3975.8401
13.04.2018 11:00:00.000 GMT+0800,107.370,107.403,107.355,107.357,2851.74
13.04.2018 12:00:00.000 GMT+0800,107.357,107.381,107.333,107.374,3190.5701
13.04.2018 13:00:00.000 GMT+0800,107.374,107.483,107.362,107.467,4052.54
13.04.2018 14:00:00.000 GMT+0800,107.470,107.658,107.455,107.600,8322.25
13.04.2018 15:00:00.000 GMT+0800,107.600,107.675,107.556,107.643,7010.3501
13.04.2018 16:00:00.000 GMT+0800,107.641,107.660,107.560,107.614,4692.6899
13.04.2018 17:00:00.000 GMT+0800,107.613,107.631,107.523,107.593,3842.3
13.04.2018 18:00:00.000 GMT+0800,107.593,107.682,107.558,107.675,4012.74
13.04.2018 19:00:00.000 GMT+0800,107.673,107.737,107.650,107.694,4790.9902
13.04.2018 20:00:00.000 GMT+0800,107.694,107.715,107.658,107.701,5770.6699
13.04.2018 21:00:00.000 GMT+0800,107.699,107.778,107.603,107.647,8326.5303
13.04.2018 22:00:00.000 GMT+0800,107.649,107.649,107.486,107.518,9432.75
13.04.2018 23:00:00.000 GMT+0800,107.519,107.549,107.439,107.535,7487.54
14.04.2018 00:00:00.000 GMT+0800,107.534,107.539,107.377,107.395,6582.54
14.04.2018 01:00:00.000 GMT+0800,107.395,107.510,107.389,107.499,5256.1299
14.04.2018 02:00:00.000 GMT+0800,107.499,107.506,107.419,107.420,5929.3101
14.04.2018 03:00:00.000 GMT+0800,107.421,107.421,107.253,107.369,10006.0898
14.04.2018 04:00:00.000 GMT+0800,107.370,107.375,107.335,107.335,2131.74
14.04.2018 05:00:00.000 GMT+0800,107.335,107.335,107.335,107.335,0
14.04.2018 06:00:00.000 GMT+0800,107.335,107.335,107.335,107.335,0
14.04.2018 07:00:00.000 GMT+0800,107.335,107.335,107.335,107.335,0
14.04.2018 08:00:00.000 GMT+0800,107.335,107.335,107.335,107.335,0
14.04.2018 09:00:00.000 GMT+0800,107.335,107.335,107.335,107.335,0
14.04.2018 10:00:00.000 GMT+0800,107.335,107.335,107.335,107.335,0
14.04.2018 11:00:00.000 GMT+0800,107.335,107.335,107.335,107.335,0
14.04.2018 12:00:00.000 GMT+0800,107.335,107.335,107.335,107.335,0
14.04.2018 13:00:00.000 GMT+0800,107.335,107.335,107.335,107.335,0
14.04.2018 14:00:00.000 GMT+0800,107.335,107.335,107.335,107.335,0
14.04.2018 15:00:00.000 GMT+0800,107.335,107.335,107.335,107.335,0
14.04.2018 16:00:00.000 GMT+0800,107.335,107.335,107.335,107.335,0
14.04.2018 17:00:00.000 GMT+0800,107.335,107.335,107.335,107.335,0
14.04.2018 18:00:00.000 GMT+0800,107.335,107.335,107.335,107.335,0
14.04.2018 19:00:00.000 GMT+0800,107.335,107.335,107.335,107.335,0
14.04.2018 20:00:00.000 GMT+0800,107.335,107.335,107.335,107.335,0
14.04.2018 21:00:00.000 GMT+0800,107.335,107.335,107.335,107.335,0
14.04.2018 22:00:00.000 GMT+0800,107.335,107.335,107.335,107.335,0
14.04.2018 23:00:00.000 GMT+0800,107.335,107.335,107.335,107.335,0
15.04.2018 00:00:00.000 GMT+0800,107.335,107.335,107.335,107.335,0
15.04.2018 01:00:00.000 GMT+0800,107.335,107.335,107.335,107.335,0
15.04.2018 02:00:00.000 GMT+0800,107.335,107.335,107.335,107.335,0
15.04.2018 03:00:00.000 GMT+0800,107.335,107.335,107.335,107.335,0
15.04.2018 04:00:00.000 GMT+0800,107.335,107.335,107.335,107.335,0
15.04.2018 05:00:00.000 GMT+0800,107.335,107.335,107.335,107.335,0
15.04.2018 06:00:00.000 GMT+0800,107.335,107.335,107.335,107.335,0
15.04.2018 07:00:00.000 GMT+0800,107.335,107.335,107.335,107.335,0
15.04.2018 08:00:00.000 GMT+0800,107.335,107.335,107.335,107.335,0
15.04.2018 09:00:00.000 GMT+0800,107.335,107.335,107.335,107.335,0
15.04.2018 10:00:00.000 GMT+0800,107.335,107.335,107.335,107.335,0
15.04.2018 11:00:00.000 GMT+0800,107.335,107.335,107.335,107.335,0
15.04.2018 12:00:00.000 GMT+0800,107.335,107.335,107.335,107.335,0
15.04.2018 13:00:00.000 GMT+0800,107.335,107.335,107.335,107.335,0
15.04.2018 14:00:00.000 GMT+0800,107.335,107.335,107.335,107.335,0
15.04.2018 15:00:00.000 GMT+0800,107.335,107.335,107.335,107.335,0
15.04.2018 16:00:00.000 GMT+0800,107.335,107.335,107.335,107.335,0
15.04.2018 17:00:00.000 GMT+0800,107.335,107.335,107.335,107.335,0
15.04.2018 18:00:00.000 GMT+0800,107.335,107.335,107.335,107.335,0
15.04.2018 19:00:00.000 GMT+0800,107.335,107.335,107.335,107.335,0
15.04.2018 20:00:00.000 GMT+0800,107.335,107.335,107.335,107.335,0
15.04.2018 21:00:00.000 GMT+0800,107.335,107.335,107.335,107.335,0
15.04.2018 22:00:00.000 GMT+0800,107.335,107.335,107.335,107.335,0
15.04.2018 23:00:00.000 GMT+0800,107.335,107.335,107.335,107.335,0
16.04.2018 00:00:00.000 GMT+0800,107.335,107.335,107.335,107.335,0
16.04.2018 01:00:00.000 GMT+0800,107.335,107.335,107.335,107.335,0
16.04.2018 02:00:00.000 GMT+0800,107.335,107.335,107.335,107.335,0
16.04.2018 03:00:00.000 GMT+0800,107.335,107.335,107.335,107.335,0
16.04.2018 04:00:00.000 GMT+0800,107.335,107.335,107.335,107.335,0
16.04.2018 05:00:00.000 GMT+0800,107.481,107.559,107.442,107.489,779.09
16.04.2018 06:00:00.000 GMT+0800,107.493,107.608,107.457,107.541,2720.75
16.04.2018 07:00:00.000 GMT+0800,107.540,107.583,107.478,107.521,2289.8701
16.04.2018 08:00:00.000 GMT+0800,107.521,107.521,107.380,107.472,6484.4399
16.04.2018 09:00:00.000 GMT+0800,107.473,107.478,107.330,107.380,4673.7798
16.04.2018 10:00:00.000 GMT+0800,107.380,107.410,107.172,107.198,4626.6099
16.04.2018 11:00:00.000 GMT+0800,107.201,107.273,107.175,107.250,3783.98
16.04.2018 12:00:00.000 GMT+0800,107.250,107.253,107.164,107.248,2996.46
16.04.2018 13:00:00.000 GMT+0800,107.248,107.253,107.129,107.208,4024.8101
16.04.2018 14:00:00.000 GMT+0800,107.207,107.314,107.170,107.217,5386.8999
16.04.2018 15:00:00.000 GMT+0800,107.219,107.289,107.198,107.210,6874.3198
16.04.2018 16:00:00.000 GMT+0800,107.208,107.274,107.181,107.193,5095.3999
16.04.2018 17:00:00.000 GMT+0800,107.192,107.220,107.150,107.202,4693.52
16.04.2018 18:00:00.000 GMT+0800,107.201,107.271,107.182,107.235,3821.3501
16.04.2018 19:00:00.000 GMT+0800,107.233,107.337,107.219,107.335,3972.9399
16.04.2018 20:00:00.000 GMT+0800,107.335,107.390,107.263,107.309,6481.6499
16.04.2018 21:00:00.000 GMT+0800,107.309,107.338,107.196,107.212,7166.8398
16.04.2018 22:00:00.000 GMT+0800,107.211,107.298,107.167,107.253,7209.4502
16.04.2018 23:00:00.000 GMT+0800,107.254,107.290,107.235,107.260,6276.3101
17.04.2018 00:00:00.000 GMT+0800,107.261,107.280,107.100,107.115,5734.8198
17.04.2018 01:00:00.000 GMT+0800,107.116,107.173,107.047,107.059,4488.2002
17.04.2018 02:00:00.000 GMT+0800,107.059,107.092,107.035,107.086,4506.1802
17.04.2018 03:00:00.000 GMT+0800,107.087,107.154,107.071,107.135,4900.27
17.04.2018 04:00:00.000 GMT+0800,107.136,107.144,107.074,107.108,3039.5
17.04.2018 05:00:00.000 GMT+0800,107.103,107.148,107.095,107.132,4671.8901
17.04.2018 06:00:00.000 GMT+0800,107.132,107.137,107.090,107.114,1110.76
17.04.2018 07:00:00.000 GMT+0800,107.115,107.161,107.036,107.053,2597.97
17.04.2018 08:00:00.000 GMT+0800,107.053,107.118,106.997,107.068,6243.0601
17.04.2018 09:00:00.000 GMT+0800,107.068,107.068,106.969,107.002,5318.0801
17.04.2018 10:00:00.000 GMT+0800,107.002,107.091,107.001,107.043,3836.29
17.04.2018 11:00:00.000 GMT+0800,107.043,107.094,107.020,107.073,2785.4099
17.04.2018 12:00:00.000 GMT+0800,107.072,107.081,107.024,107.058,2268.9299
17.04.2018 13:00:00.000 GMT+0800,107.058,107.065,106.989,106.999,3700.1599
17.04.2018 14:00:00.000 GMT+0800,106.999,107.025,106.904,106.916,5603.0698
17.04.2018 15:00:00.000 GMT+0800,106.915,107.009,106.883,106.997,5350.8701
17.04.2018 16:00:00.000 GMT+0800,106.995,107.016,106.917,106.969,4897.7202
17.04.2018 17:00:00.000 GMT+0800,106.969,107.070,106.950,107.058,4358.3101
17.04.2018 18:00:00.000 GMT+0800,107.059,107.093,107.028,107.078,4698.3599
17.04.2018 19:00:00.000 GMT+0800,107.077,107.099,107.029,107.091,3668.1599
17.04.2018 20:00:00.000 GMT+0800,107.091,107.168,107.076,107.141,6609.6602
17.04.2018 21:00:00.000 GMT+0800,107.142,107.152,107.076,107.125,7180.04
17.04.2018 22:00:00.000 GMT+0800,107.126,107.211,107.120,107.142,6888.75
17.04.2018 23:00:00.000 GMT+0800,107.142,107.158,107.086,107.087,5723.7202
18.04.2018 00:00:00.000 GMT+0800,107.088,107.126,106.935,106.943,5686.25
18.04.2018 01:00:00.000 GMT+0800,106.943,107.021,106.896,106.999,6420.3799
18.04.2018 02:00:00.000 GMT+0800,106.998,107.031,106.945,107.004,5294.3101
18.04.2018 03:00:00.000 GMT+0800,107.004,107.047,106.988,107.015,5460.79
18.04.2018 04:00:00.000 GMT+0800,107.015,107.041,106.992,107.004,3006.6101
18.04.2018 05:00:00.000 GMT+0800,107.003,107.041,106.987,107.012,6668.5
18.04.2018 06:00:00.000 GMT+0800,107.011,107.054,107.002,107.033,1684.86
18.04.2018 07:00:00.000 GMT+0800,107.032,107.063,107.007,107.021,1734.37
18.04.2018 08:00:00.000 GMT+0800,107.021,107.207,107.008,107.183,6635.0298
18.04.2018 09:00:00.000 GMT+0800,107.183,107.324,107.180,107.290,5915.48
18.04.2018 10:00:00.000 GMT+0800,107.290,107.295,107.231,107.243,2578.04
18.04.2018 11:00:00.000 GMT+0800,107.244,107.353,107.244,107.322,3609.7
18.04.2018 12:00:00.000 GMT+0800,107.322,107.375,107.296,107.351,2764.46
18.04.2018 13:00:00.000 GMT+0800,107.351,107.383,107.310,107.339,3910.8799
18.04.2018 14:00:00.000 GMT+0800,107.341,107.357,107.282,107.303,5783.2202
18.04.2018 15:00:00.000 GMT+0800,107.306,107.376,107.274,107.306,7327.3901
18.04.2018 16:00:00.000 GMT+0800,107.304,107.348,107.256,107.281,5770.7402
18.04.2018 17:00:00.000 GMT+0800,107.281,107.323,107.245,107.273,4258.7002
18.04.2018 18:00:00.000 GMT+0800,107.270,107.275,107.204,107.227,2868.3201
18.04.2018 19:00:00.000 GMT+0800,107.226,107.239,107.165,107.233,3740.99
18.04.2018 20:00:00.000 GMT+0800,107.233,107.247,107.199,107.226,4335.0098
18.04.2018 21:00:00.000 GMT+0800,107.224,107.241,107.145,107.185,6702.8198
18.04.2018 22:00:00.000 GMT+0800,107.185,107.241,107.097,107.236,7945.77
18.04.2018 23:00:00.000 GMT+0800,107.238,107.299,107.223,107.269,6890.02
19.04.2018 00:00:00.000 GMT+0800,107.269,107.306,107.151,107.165,5200.6899
19.04.2018 01:00:00.000 GMT+0800,107.164,107.273,107.159,107.219,4985.98
19.04.2018 02:00:00.000 GMT+0800,107.219,107.274,107.180,107.263,4718.3999
19.04.2018 03:00:00.000 GMT+0800,107.264,107.315,107.206,107.221,4424.8999
19.04.2018 04:00:00.000 GMT+0800,107.220,107.250,107.207,107.230,2650.77
19.04.2018 05:00:00.000 GMT+0800,107.230,107.241,107.188,107.205,5305.6401
19.04.2018 06:00:00.000 GMT+0800,107.205,107.247,107.181,107.213,1972.27
19.04.2018 07:00:00.000 GMT+0800,107.214,107.360,107.211,107.355,2679.1899
19.04.2018 08:00:00.000 GMT+0800,107.357,107.467,107.330,107.434,5739.2998
19.04.2018 09:00:00.000 GMT+0800,107.434,107.515,107.417,107.478,5925.4502
19.04.2018 10:00:00.000 GMT+0800,107.478,107.484,107.410,107.420,3304.5801
19.04.2018 11:00:00.000 GMT+0800,107.421,107.444,107.372,107.413,4124.0098
19.04.2018 12:00:00.000 GMT+0800,107.413,107.431,107.358,107.431,3191.46
19.04.2018 13:00:00.000 GMT+0800,107.431,107.448,107.373,107.422,3239.6201
19.04.2018 14:00:00.000 GMT+0800,107.422,107.470,107.364,107.373,5810.1299
19.04.2018 15:00:00.000 GMT+0800,107.373,107.385,107.269,107.288,5550.8301
19.04.2018 16:00:00.000 GMT+0800,107.288,107.405,107.262,107.360,5784.3799
19.04.2018 17:00:00.000 GMT+0800,107.361,107.431,107.353,107.372,4984.7402
19.04.2018 18:00:00.000 GMT+0800,107.372,107.456,107.358,107.413,4192.1802
19.04.2018 19:00:00.000 GMT+0800,107.414,107.440,107.356,107.358,3774.5701
19.04.2018 20:00:00.000 GMT+0800,107.358,107.396,107.313,107.348,6029.25
19.04.2018 21:00:00.000 GMT+0800,107.349,107.421,107.326,107.385,7220.8398
19.04.2018 22:00:00.000 GMT+0800,107.385,107.400,107.330,107.362,7733.9102
19.04.2018 23:00:00.000 GMT+0800,107.361,107.469,107.348,107.428,8992.4697
20.04.2018 00:00:00.000 GMT+0800,107.428,107.446,107.260,107.275,5965.2598
20.04.2018 01:00:00.000 GMT+0800,107.274,107.329,107.239,107.319,6576.98
20.04.2018 02:00:00.000 GMT+0800,107.319,107.421,107.318,107.398,6313.7202
20.04.2018 03:00:00.000 GMT+0800,107.401,107.505,107.315,107.352,6549.4502
20.04.2018 04:00:00.000 GMT+0800,107.352,107.375,107.349,107.363,2139.5601
20.04.2018 05:00:00.000 GMT+0800,107.361,107.415,107.352,107.391,7360.0298
20.04.2018 06:00:00.000 GMT+0800,107.390,107.442,107.385,107.423,4679
20.04.2018 07:00:00.000 GMT+0800,107.422,107.460,107.377,107.444,1655.35
20.04.2018 08:00:00.000 GMT+0800,107.443,107.561,107.394,107.463,9436.9297
20.04.2018 09:00:00.000 GMT+0800,107.462,107.732,107.413,107.718,7222.0698
20.04.2018 10:00:00.000 GMT+0800,107.721,107.728,107.615,107.656,4820.23
20.04.2018 11:00:00.000 GMT+0800,107.656,107.672,107.580,107.615,3665.2
20.04.2018 12:00:00.000 GMT+0800,107.616,107.685,107.616,107.647,2921.5901
20.04.2018 13:00:00.000 GMT+0800,107.647,107.672,107.605,107.634,4717.8701
20.04.2018 14:00:00.000 GMT+0800,107.630,107.632,107.486,107.506,6662.9102
20.04.2018 15:00:00.000 GMT+0800,107.507,107.578,107.479,107.555,6147.71
20.04.2018 16:00:00.000 GMT+0800,107.554,107.616,107.535,107.616,3923.3701
20.04.2018 17:00:00.000 GMT+0800,107.616,107.686,107.601,107.660,4651.2402
20.04.2018 18:00:00.000 GMT+0800,107.661,107.711,107.634,107.636,4494.9102
20.04.2018 19:00:00.000 GMT+0800,107.636,107.655,107.574,107.620,4128.9199
20.04.2018 20:00:00.000 GMT+0800,107.620,107.702,107.551,107.693,5744.25
20.04.2018 21:00:00.000 GMT+0800,107.695,107.798,107.663,107.791,8975.0195
20.04.2018 22:00:00.000 GMT+0800,107.790,107.855,107.691,107.698,8726.4004
20.04.2018 23:00:00.000 GMT+0800,107.698,107.711,107.565,107.614,9373.6299
21.04.2018 00:00:00.000 GMT+0800,107.615,107.646,107.510,107.511,7216.5898
21.04.2018 01:00:00.000 GMT+0800,107.512,107.604,107.506,107.578,4924.7998
21.04.2018 02:00:00.000 GMT+0800,107.578,107.604,107.556,107.590,4137.02
21.04.2018 03:00:00.000 GMT+0800,107.588,107.645,107.555,107.645,3536.4299
21.04.2018 04:00:00.000 GMT+0800,107.645,107.666,107.582,107.632,2484.5701
21.04.2018 05:00:00.000 GMT+0800,107.632,107.632,107.632,107.632,0
21.04.2018 06:00:00.000 GMT+0800,107.632,107.632,107.632,107.632,0
21.04.2018 07:00:00.000 GMT+0800,107.632,107.632,107.632,107.632,0
21.04.2018 08:00:00.000 GMT+0800,107.632,107.632,107.632,107.632,0
21.04.2018 09:00:00.000 GMT+0800,107.632,107.632,107.632,107.632,0
21.04.2018 10:00:00.000 GMT+0800,107.632,107.632,107.632,107.632,0
21.04.2018 11:00:00.000 GMT+0800,107.632,107.632,107.632,107.632,0
21.04.2018 12:00:00.000 GMT+0800,107.632,107.632,107.632,107.632,0
21.04.2018 13:00:00.000 GMT+0800,107.632,107.632,107.632,107.632,0
21.04.2018 14:00:00.000 GMT+0800,107.632,107.632,107.632,107.632,0
21.04.2018 15:00:00.000 GMT+0800,107.632,107.632,107.632,107.632,0
21.04.2018 16:00:00.000 GMT+0800,107.632,107.632,107.632,107.632,0
21.04.2018 17:00:00.000 GMT+0800,107.632,107.632,107.632,107.632,0
21.04.2018 18:00:00.000 GMT+0800,107.632,107.632,107.632,107.632,0
21.04.2018 19:00:00.000 GMT+0800,107.632,107.632,107.632,107.632,0
21.04.2018 20:00:00.000 GMT+0800,107.632,107.632,107.632,107.632,0
21.04.2018 21:00:00.000 GMT+0800,107.632,107.632,107.632,107.632,0
21.04.2018 22:00:00.000 GMT+0800,107.632,107.632,107.632,107.632,0
21.04.2018 23:00:00.000 GMT+0800,107.632,107.632,107.632,107.632,0
22.04.2018 00:00:00.000 GMT+0800,107.632,107.632,107.632,107.632,0
22.04.2018 01:00:00.000 GMT+0800,107.632,107.632,107.632,107.632,0
22.04.2018 02:00:00.000 GMT+0800,107.632,107.632,107.632,107.632,0
22.04.2018 03:00:00.000 GMT+0800,107.632,107.632,107.632,107.632,0
22.04.2018 04:00:00.000 GMT+0800,107.632,107.632,107.632,107.632,0
22.04.2018 05:00:00.000 GMT+0800,107.632,107.632,107.632,107.632,0
22.04.2018 06:00:00.000 GMT+0800,107.632,107.632,107.632,107.632,0
22.04.2018 07:00:00.000 GMT+0800,107.632,107.632,107.632,107.632,0
22.04.2018 08:00:00.000 GMT+0800,107.632,107.632,107.632,107.632,0
22.04.2018 09:00:00.000 GMT+0800,107.632,107.632,107.632,107.632,0
22.04.2018 10:00:00.000 GMT+0800,107.632,107.632,107.632,107.632,0
22.04.2018 11:00:00.000 GMT+0800,107.632,107.632,107.632,107.632,0
22.04.2018 12:00:00.000 GMT+0800,107.632,107.632,107.632,107.632,0
22.04.2018 13:00:00.000 GMT+0800,107.632,107.632,107.632,107.632,0
22.04.2018 14:00:00.000 GMT+0800,107.632,107.632,107.632,107.632,0
22.04.2018 15:00:00.000 GMT+0800,107.632,107.632,107.632,107.632,0
22.04.2018 16:00:00.000 GMT+0800,107.632,107.632,107.632,107.632,0
22.04.2018 17:00:00.000 GMT+0800,107.632,107.632,107.632,107.632,0
22.04.2018 18:00:00.000 GMT+0800,107.632,107.632,107.632,107.632,0
22.04.2018 19:00:00.000 GMT+0800,107.632,107.632,107.632,107.632,0
22.04.2018 20:00:00.000 GMT+0800,107.632,107.632,107.632,107.632,0
22.04.2018 21:00:00.000 GMT+0800,107.632,107.632,107.632,107.632,0
22.04.2018 22:00:00.000 GMT+0800,107.632,107.632,107.632,107.632,0
22.04.2018 23:00:00.000 GMT+0800,107.632,107.632,107.632,107.632,0
23.04.2018 00:00:00.000 GMT+0800,107.632,107.632,107.632,107.632,0
23.04.2018 01:00:00.000 GMT+0800,107.632,107.632,107.632,107.632,0
23.04.2018 02:00:00.000 GMT+0800,107.632,107.632,107.632,107.632,0
23.04.2018 03:00:00.000 GMT+0800,107.632,107.632,107.632,107.632,0
23.04.2018 04:00:00.000 GMT+0800,107.632,107.632,107.632,107.632,0
23.04.2018 05:00:00.000 GMT+0800,107.765,107.818,107.736,107.764,1885.52
23.04.2018 06:00:00.000 GMT+0800,107.764,107.804,107.659,107.780,5462.8901
23.04.2018 07:00:00.000 GMT+0800,107.779,107.887,107.750,107.880,3409.6299
23.04.2018 08:00:00.000 GMT+0800,107.877,107.878,107.731,107.818,6341.8799
23.04.2018 09:00:00.000 GMT+0800,107.818,107.883,107.777,107.791,5072.02
23.04.2018 10:00:00.000 GMT+0800,107.790,107.815,107.738,107.813,3882.5701
23.04.2018 11:00:00.000 GMT+0800,107.813,107.844,107.803,107.807,3051.6799
23.04.2018 12:00:00.000 GMT+0800,107.808,107.835,107.784,107.806,2904.6499
23.04.2018 13:00:00.000 GMT+0800,107.805,107.832,107.766,107.801,3437.5801
23.04.2018 14:00:00.000 GMT+0800,107.803,107.876,107.788,107.842,5236.4302
23.04.2018 15:00:00.000 GMT+0800,107.841,107.939,107.820,107.913,7845.5698
23.04.2018 16:00:00.000 GMT+0800,107.912,108.010,107.859,107.999,6877.8501
23.04.2018 17:00:00.000 GMT+0800,108.000,108.255,107.997,108.199,5315.6802
23.04.2018 18:00:00.000 GMT+0800,108.199,108.279,108.169,108.219,4287.4302
23.04.2018 19:00:00.000 GMT+0800,108.220,108.279,108.169,108.170,3327.3601
23.04.2018 20:00:00.000 GMT+0800,108.171,108.258,108.125,108.212,5973.5
23.04.2018 21:00:00.000 GMT+0800,108.212,108.383,108.176,108.375,7882.3799
23.04.2018 22:00:00.000 GMT+0800,108.378,108.489,108.366,108.444,8659.7305
23.04.2018 23:00:00.000 GMT+0800,108.443,108.634,108.427,108.627,8102.5898
24.04.2018 00:00:00.000 GMT+0800,108.626,108.713,108.566,108.648,5755.9502
24.04.2018 01:00:00.000 GMT+0800,108.648,108.734,108.630,108.716,3821.8401
24.04.2018 02:00:00.000 GMT+0800,108.715,108.718,108.552,108.647,5739.04
24.04.2018 03:00:00.000 GMT+0800,108.645,108.753,108.632,108.726,4197.1602
24.04.2018 04:00:00.000 GMT+0800,108.729,108.748,108.676,108.701,1852.02
24.04.2018 05:00:00.000 GMT+0800,108.699,108.715,108.682,108.710,3689.6201
24.04.2018 06:00:00.000 GMT+0800,108.710,108.735,108.670,108.672,1426.15
24.04.2018 07:00:00.000 GMT+0800,108.672,108.789,108.672,108.772,2463.53
24.04.2018 08:00:00.000 GMT+0800,108.772,108.804,108.734,108.750,6553.1099
24.04.2018 09:00:00.000 GMT+0800,108.753,108.869,108.706,108.811,7279
24.04.2018 10:00:00.000 GMT+0800,108.811,108.832,108.693,108.751,5323.1899
24.04.2018 11:00:00.000 GMT+0800,108.751,108.831,108.742,108.769,3791.8401
24.04.2018 12:00:00.000 GMT+0800,108.769,108.832,108.769,108.812,2969.6699
24.04.2018 13:00:00.000 GMT+0800,108.811,108.811,108.754,108.796,3652.1799
24.04.2018 14:00:00.000 GMT+0800,108.796,108.863,108.754,108.863,5755.6201
24.04.2018 15:00:00.000 GMT+0800,108.863,108.917,108.836,108.887,7059.8599
24.04.2018 16:00:00.000 GMT+0800,108.886,108.900,108.810,108.820,5808.02
24.04.2018 17:00:00.000 GMT+0800,108.820,108.862,108.805,108.832,4663.2402
24.04.2018 18:00:00.000 GMT+0800,108.831,108.857,108.774,108.848,4658.3901
24.04.2018 19:00:00.000 GMT+0800,108.849,108.869,108.793,108.797,4590.3799
24.04.2018 20:00:00.000 GMT+0800,108.795,109.066,108.792,108.998,7000.8901
24.04.2018 21:00:00.000 GMT+0800,108.996,109.157,108.939,109.083,11587.5303
24.04.2018 22:00:00.000 GMT+0800,109.082,109.178,109.025,109.171,10357.9297
24.04.2018 23:00:00.000 GMT+0800,109.172,109.199,109.032,109.032,8565.4004
25.04.2018 00:00:00.000 GMT+0800,109.032,109.071,108.711,108.721,10041.5498
25.04.2018 01:00:00.000 GMT+0800,108.720,108.789,108.633,108.643,8480.8301
25.04.2018 02:00:00.000 GMT+0800,108.644,108.678,108.542,108.676,9788.5303
25.04.2018 03:00:00.000 GMT+0800,108.675,108.750,108.655,108.747,7971.73
25.04.2018 04:00:00.000 GMT+0800,108.745,108.831,108.743,108.813,3635.6201
25.04.2018 05:00:00.000 GMT+0800,108.808,108.827,108.786,108.820,4051.1101
25.04.2018 06:00:00.000 GMT+0800,108.820,108.876,108.816,108.856,1647.41
25.04.2018 07:00:00.000 GMT+0800,108.856,108.864,108.796,108.802,2207.9199
25.04.2018 08:00:00.000 GMT+0800,108.802,108.963,108.788,108.890,6682.21
25.04.2018 09:00:00.000 GMT+0800,108.890,109.061,108.871,108.919,8838.3203
25.04.2018 10:00:00.000 GMT+0800,108.919,108.936,108.810,108.897,6028.9302
25.04.2018 11:00:00.000 GMT+0800,108.898,109.018,108.884,109.016,4531.1499
25.04.2018 12:00:00.000 GMT+0800,109.015,109.044,108.972,109.033,4283.4399
25.04.2018 13:00:00.000 GMT+0800,109.033,109.081,108.998,109.063,8158.1099
25.04.2018 14:00:00.000 GMT+0800,109.062,109.170,109.060,109.166,7871.1802
25.04.2018 15:00:00.000 GMT+0800,109.166,109.266,109.136,109.250,5577.5298
25.04.2018 16:00:00.000 GMT+0800,109.250,109.267,109.058,109.088,7983.5298
25.04.2018 17:00:00.000 GMT+0800,109.089,109.104,108.981,109.085,6382.3501
25.04.2018 18:00:00.000 GMT+0800,109.085,109.137,109.046,109.054,4860.3398
25.04.2018 19:00:00.000 GMT+0800,109.053,109.250,109.034,109.220,6757.8999
25.04.2018 20:00:00.000 GMT+0800,109.219,109.254,109.166,109.199,6370.6299
25.04.2018 21:00:00.000 GMT+0800,109.199,109.288,109.055,109.107,9300.2197
25.04.2018 22:00:00.000 GMT+0800,109.106,109.344,109.099,109.306,11887.54
25.04.2018 23:00:00.000 GMT+0800,109.306,109.382,109.242,109.336,9933.4297
26.04.2018 00:00:00.000 GMT+0800,109.335,109.365,109.234,109.240,8334.8496
26.04.2018 01:00:00.000 GMT+0800,109.239,109.374,109.237,109.363,5926.9102
26.04.2018 02:00:00.000 GMT+0800,109.364,109.375,109.299,109.348,5100.6401
26.04.2018 03:00:00.000 GMT+0800,109.348,109.372,109.306,109.362,6023.3501
26.04.2018 04:00:00.000 GMT+0800,109.365,109.454,109.348,109.421,3291.47
26.04.2018 05:00:00.000 GMT+0800,109.423,109.423,109.368,109.393,2756.76
26.04.2018 06:00:00.000 GMT+0800,109.392,109.469,109.392,109.408,2308.0901
26.04.2018 07:00:00.000 GMT+0800,109.409,109.447,109.356,109.374,2571.46
26.04.2018 08:00:00.000 GMT+0800,109.377,109.433,109.243,109.413,5824.9302
26.04.2018 09:00:00.000 GMT+0800,109.413,109.455,109.290,109.367,5991.52
26.04.2018 10:00:00.000 GMT+0800,109.365,109.375,109.305,109.367,3726.74
26.04.2018 11:00:00.000 GMT+0800,109.369,109.374,109.278,109.291,5980.6201
26.04.2018 12:00:00.000 GMT+0800,109.291,109.356,109.291,109.338,9004.7002
26.04.2018 13:00:00.000 GMT+0800,109.336,109.347,109.289,109.325,2800.27
26.04.2018 14:00:00.000 GMT+0800,109.327,109.395,109.280,109.295,6278.5601
26.04.2018 15:00:00.000 GMT+0800,109.296,109.362,109.243,109.326,8714.1504
26.04.2018 16:00:00.000 GMT+0800,109.325,109.379,109.307,109.355,5422.8301
26.04.2018 17:00:00.000 GMT+0800,109.354,109.383,109.264,109.294,4635.0801
26.04.2018 18:00:00.000 GMT+0800,109.294,109.316,109.174,109.212,5127.3101
26.04.2018 19:00:00.000 GMT+0800,109.212,109.236,109.103,109.180,5715.0801
26.04.2018 20:00:00.000 GMT+0800,109.180,109.263,109.098,109.171,12360.4297
26.04.2018 21:00:00.000 GMT+0800,109.170,109.205,109.066,109.193,9455.5596
26.04.2018 22:00:00.000 GMT+0800,109.191,109.363,109.181,109.363,11837.0195
26.04.2018 23:00:00.000 GMT+0800,109.361,109.396,109.254,109.293,7523.2598
27.04.2018 00:00:00.000 GMT+0800,109.295,109.329,109.192,109.200,5032.5
27.04.2018 01:00:00.000 GMT+0800,109.201,109.306,109.201,109.296,3586
27.04.2018 02:00:00.000 GMT+0800,109.296,109.405,109.285,109.345,5158.75
27.04.2018 03:00:00.000 GMT+0800,109.348,109.419,109.316,109.357,4300.77
27.04.2018 04:00:00.000 GMT+0800,109.357,109.381,109.294,109.294,2695.6899
27.04.2018 05:00:00.000 GMT+0800,109.294,109.343,109.253,109.307,5173.54
27.04.2018 06:00:00.000 GMT+0800,109.305,109.353,109.302,109.348,1095.34
27.04.2018 07:00:00.000 GMT+0800,109.347,109.347,109.301,109.302,1124.0699
27.04.2018 08:00:00.000 GMT+0800,109.302,109.325,109.233,109.266,6588.52
27.04.2018 09:00:00.000 GMT+0800,109.266,109.337,109.152,109.158,6165.75
27.04.2018 10:00:00.000 GMT+0800,109.160,109.238,109.144,109.159,4420.25
27.04.2018 11:00:00.000 GMT+0800,109.158,109.245,109.157,109.174,4078.96
27.04.2018 12:00:00.000 GMT+0800,109.175,109.219,109.153,109.179,3611.6599
27.04.2018 13:00:00.000 GMT+0800,109.178,109.323,109.163,109.243,5008.9702
27.04.2018 14:00:00.000 GMT+0800,109.244,109.339,109.244,109.303,6343.6602
27.04.2018 15:00:00.000 GMT+0800,109.303,109.502,109.273,109.393,7086.73
27.04.2018 16:00:00.000 GMT+0800,109.392,109.402,109.287,109.375,6418.48
27.04.2018 17:00:00.000 GMT+0800,109.375,109.384,109.256,109.301,5402.4199
27.04.2018 18:00:00.000 GMT+0800,109.302,109.365,109.302,109.307,4841.7998
27.04.2018 19:00:00.000 GMT+0800,109.309,109.348,109.297,109.320,4490.3701
27.04.2018 20:00:00.000 GMT+0800,109.319,109.536,109.263,109.312,11982.6504
27.04.2018 21:00:00.000 GMT+0800,109.313,109.343,109.129,109.204,10422.8203
27.04.2018 22:00:00.000 GMT+0800,109.203,109.266,108.964,109.074,11124.5801
27.04.2018 23:00:00.000 GMT+0800,109.074,109.141,109.007,109.117,6721.7002
28.04.2018 00:00:00.000 GMT+0800,109.119,109.148,109.047,109.084,4670.7598
28.04.2018 01:00:00.000 GMT+0800,109.084,109.146,109.084,109.105,3308.5801
28.04.2018 02:00:00.000 GMT+0800,109.108,109.121,109.016,109.023,4054.6599
28.04.2018 03:00:00.000 GMT+0800,109.023,109.069,108.986,109.059,3983.9299
28.04.2018 04:00:00.000 GMT+0800,109.057,109.137,109.034,109.045,1798.4301
28.04.2018 05:00:00.000 GMT+0800,109.045,109.045,109.045,109.045,0
28.04.2018 06:00:00.000 GMT+0800,109.045,109.045,109.045,109.045,0
28.04.2018 07:00:00.000 GMT+0800,109.045,109.045,109.045,109.045,0
28.04.2018 08:00:00.000 GMT+0800,109.045,109.045,109.045,109.045,0
28.04.2018 09:00:00.000 GMT+0800,109.045,109.045,109.045,109.045,0
28.04.2018 10:00:00.000 GMT+0800,109.045,109.045,109.045,109.045,0
28.04.2018 11:00:00.000 GMT+0800,109.045,109.045,109.045,109.045,0
28.04.2018 12:00:00.000 GMT+0800,109.045,109.045,109.045,109.045,0
28.04.2018 13:00:00.000 GMT+0800,109.045,109.045,109.045,109.045,0
28.04.2018 14:00:00.000 GMT+0800,109.045,109.045,109.045,109.045,0
28.04.2018 15:00:00.000 GMT+0800,109.045,109.045,109.045,109.045,0
28.04.2018 16:00:00.000 GMT+0800,109.045,109.045,109.045,109.045,0
28.04.2018 17:00:00.000 GMT+0800,109.045,109.045,109.045,109.045,0
28.04.2018 18:00:00.000 GMT+0800,109.045,109.045,109.045,109.045,0
28.04.2018 19:00:00.000 GMT+0800,109.045,109.045,109.045,109.045,0
28.04.2018 20:00:00.000 GMT+0800,109.045,109.045,109.045,109.045,0
28.04.2018 21:00:00.000 GMT+0800,109.045,109.045,109.045,109.045,0
28.04.2018 22:00:00.000 GMT+0800,109.045,109.045,109.045,109.045,0
28.04.2018 23:00:00.000 GMT+0800,109.045,109.045,109.045,109.045,0
29.04.2018 00:00:00.000 GMT+0800,109.045,109.045,109.045,109.045,0
29.04.2018 01:00:00.000 GMT+0800,109.045,109.045,109.045,109.045,0
29.04.2018 02:00:00.000 GMT+0800,109.045,109.045,109.045,109.045,0
29.04.2018 03:00:00.000 GMT+0800,109.045,109.045,109.045,109.045,0
29.04.2018 04:00:00.000 GMT+0800,109.045,109.045,109.045,109.045,0
29.04.2018 05:00:00.000 GMT+0800,109.045,109.045,109.045,109.045,0
29.04.2018 06:00:00.000 GMT+0800,109.045,109.045,109.045,109.045,0
29.04.2018 07:00:00.000 GMT+0800,109.045,109.045,109.045,109.045,0
29.04.2018 08:00:00.000 GMT+0800,109.045,109.045,109.045,109.045,0
29.04.2018 09:00:00.000 GMT+0800,109.045,109.045,109.045,109.045,0
29.04.2018 10:00:00.000 GMT+0800,109.045,109.045,109.045,109.045,0
29.04.2018 11:00:00.000 GMT+0800,109.045,109.045,109.045,109.045,0
29.04.2018 12:00:00.000 GMT+0800,109.045,109.045,109.045,109.045,0
29.04.2018 13:00:00.000 GMT+0800,109.045,109.045,109.045,109.045,0
29.04.2018 14:00:00.000 GMT+0800,109.045,109.045,109.045,109.045,0
29.04.2018 15:00:00.000 GMT+0800,109.045,109.045,109.045,109.045,0
29.04.2018 16:00:00.000 GMT+0800,109.045,109.045,109.045,109.045,0
29.04.2018 17:00:00.000 GMT+0800,109.045,109.045,109.045,109.045,0
29.04.2018 18:00:00.000 GMT+0800,109.045,109.045,109.045,109.045,0
29.04.2018 19:00:00.000 GMT+0800,109.045,109.045,109.045,109.045,0
29.04.2018 20:00:00.000 GMT+0800,109.045,109.045,109.045,109.045,0
29.04.2018 21:00:00.000 GMT+0800,109.045,109.045,109.045,109.045,0
29.04.2018 22:00:00.000 GMT+0800,109.045,109.045,109.045,109.045,0
29.04.2018 23:00:00.000 GMT+0800,109.045,109.045,109.045,109.045,0
30.04.2018 00:00:00.000 GMT+0800,109.045,109.045,109.045,109.045,0
30.04.2018 01:00:00.000 GMT+0800,109.045,109.045,109.045,109.045,0
30.04.2018 02:00:00.000 GMT+0800,109.045,109.045,109.045,109.045,0
30.04.2018 03:00:00.000 GMT+0800,109.045,109.045,109.045,109.045,0
30.04.2018 04:00:00.000 GMT+0800,109.045,109.045,109.045,109.045,0
30.04.2018 05:00:00.000 GMT+0800,109.057,109.089,109.017,109.080,341.74
30.04.2018 06:00:00.000 GMT+0800,109.080,109.161,109.077,109.143,2782.6399
30.04.2018 07:00:00.000 GMT+0800,109.143,109.179,109.093,109.094,1528.16
30.04.2018 08:00:00.000 GMT+0800,109.093,109.105,109.020,109.074,2891
30.04.2018 09:00:00.000 GMT+0800,109.073,109.126,109.060,109.088,3092
30.04.2018 10:00:00.000 GMT+0800,109.089,109.133,109.068,109.120,2375.6001
30.04.2018 11:00:00.000 GMT+0800,109.121,109.151,109.101,109.134,1477
30.04.2018 12:00:00.000 GMT+0800,109.134,109.156,109.124,109.138,1114.75
30.04.2018 13:00:00.000 GMT+0800,109.137,109.164,109.129,109.142,1792.3199
30.04.2018 14:00:00.000 GMT+0800,109.143,109.211,109.140,109.197,4923.4502
30.04.2018 15:00:00.000 GMT+0800,109.196,109.262,109.187,109.248,4415.4502
30.04.2018 16:00:00.000 GMT+0800,109.248,109.328,109.241,109.308,3969.99
30.04.2018 17:00:00.000 GMT+0800,109.307,109.326,109.242,109.250,3986.8899
30.04.2018 18:00:00.000 GMT+0800,109.250,109.305,109.231,109.266,3933.77
30.04.2018 19:00:00.000 GMT+0800,109.268,109.407,109.264,109.368,3882.8899
30.04.2018 20:00:00.000 GMT+0800,109.370,109.429,109.297,109.321,5310.6401
30.04.2018 21:00:00.000 GMT+0800,109.321,109.415,109.284,109.370,5551.3301
30.04.2018 22:00:00.000 GMT+0800,109.370,109.452,109.299,109.431,7438.5801
30.04.2018 23:00:00.000 GMT+0800,109.431,109.440,109.246,109.286,7256.7798