Date,momentum3close,momentum4close,momentum5close,momentum8close,momentum9close,momentum10close,open,high,low,close
2018-04-02 15:00:00,-0.04099999999999682,-0.06700000000000728,-0.036000000000001364,-0.027999999999991587,-0.01099999999999568,0.030000000000001137,106.329,106.331,106.27600000000001,106.29
2018-04-02 16:00:00,-0.030000000000001137,-0.04800000000001603,-0.07400000000002649,0.001999999999981128,-0.0350000000000108,-0.018000000000014893,106.289,106.31700000000001,106.26799999999999,106.28299999999999
2018-04-02 17:00:00,-0.03900000000000148,-0.02199999999999136,-0.04000000000000625,-0.04600000000000648,0.009999999999990905,-0.027000000000001023,106.28299999999999,106.292,106.26299999999999,106.291
2018-04-02 18:00:00,-0.005000000000009663,-0.045000000000001705,-0.027999999999991587,-0.04100000000001103,-0.05200000000000671,0.003999999999990678,106.292,106.318,106.285,106.285
2018-04-02 19:00:00,-0.002999999999985903,-0.010000000000005116,-0.04999999999999716,-0.07700000000001239,-0.04600000000000648,-0.05700000000000216,106.287,106.307,106.264,106.28
2018-04-02 20:00:00,0.1360000000000099,0.14400000000001967,0.13700000000000045,0.09600000000000364,0.06999999999999318,0.10099999999999909,106.279,106.429,106.26700000000001,106.427
2018-04-02 21:00:00,0.06799999999999784,0.06199999999999761,0.07000000000000739,0.04000000000000625,0.02199999999999136,-0.004000000000019099,106.426,106.448,106.34100000000001,106.353
2018-04-02 22:00:00,-0.060000000000002274,-0.06499999999999773,-0.07099999999999795,-0.10999999999999943,-0.09299999999998931,-0.1110000000000042,106.352,106.439,106.208,106.22
2018-04-02 23:00:00,-0.43200000000000216,-0.2849999999999966,-0.28999999999999204,-0.2950000000000017,-0.33499999999999375,-0.31799999999998363,106.219,106.23,105.944,105.995
2018-04-03 00:00:00,-0.33899999999999864,-0.4130000000000109,-0.26600000000000534,-0.26899999999999125,-0.27600000000001046,-0.3160000000000025,105.995,106.12100000000001,105.98700000000001,106.014
2018-04-03 01:00:00,-0.5529999999999973,-0.6859999999999928,-0.7600000000000051,-0.6239999999999952,-0.6159999999999854,-0.6230000000000047,106.012,106.03399999999999,105.666,105.667
2018-04-03 02:00:00,-0.14700000000000557,-0.3719999999999999,-0.5049999999999955,-0.4369999999999976,-0.44299999999999784,-0.43499999999998806,105.666,105.87200000000001,105.65700000000001,105.848
2018-04-03 03:00:00,-0.11599999999999966,-0.09700000000000841,-0.32200000000000273,-0.382000000000005,-0.38700000000000045,-0.3930000000000007,105.84700000000001,105.946,105.82,105.898
2018-04-03 04:00:00,0.2109999999999843,-0.1360000000000099,-0.11700000000001864,-0.5490000000000208,-0.40200000000001523,-0.4070000000000107,105.897,105.947,105.87799999999999,105.87799999999999
2018-04-03 05:00:00,-0.000999999999990564,0.18000000000000682,-0.16699999999998738,-0.505999999999986,-0.5799999999999983,-0.4329999999999927,105.87799999999999,105.911,105.816,105.84700000000001
2018-04-03 06:00:00,-0.06399999999999295,-0.013999999999995794,0.1670000000000016,-0.3859999999999957,-0.5189999999999912,-0.5930000000000035,105.84700000000001,105.887,105.833,105.834
2018-04-03 07:00:00,-0.0829999999999842,-0.10299999999999443,-0.05299999999999727,-0.20000000000000284,-0.42499999999999716,-0.5579999999999927,105.833,105.848,105.738,105.795
2018-04-03 08:00:00,-0.03700000000000614,-0.06799999999998363,-0.08799999999999386,-0.20399999999999352,-0.18500000000000227,-0.4099999999999966,105.796,105.854,105.69200000000001,105.81
2018-04-03 09:00:00,0.027000000000001023,0.013999999999995794,-0.016999999999981696,0.19400000000000261,-0.1529999999999916,-0.13400000000000034,105.809,105.936,105.79899999999999,105.861
2018-04-03 10:00:00,0.10899999999999466,0.06999999999999318,0.05699999999998795,0.055999999999997385,0.23699999999999477,-0.10999999999999943,105.861,105.95299999999999,105.819,105.904
2018-04-03 11:00:00,0.1389999999999958,0.15399999999999636,0.11499999999999488,0.05100000000000193,0.10099999999999909,0.2819999999999965,105.904,105.976,105.868,105.949
2018-04-03 12:00:00,0.07500000000000284,0.12600000000000477,0.14100000000000534,0.058000000000021146,0.038000000000010914,0.08800000000000807,105.948,105.976,105.921,105.936
2018-04-03 13:00:00,0.08400000000000318,0.12699999999999534,0.17799999999999727,0.14099999999999113,0.11000000000001364,0.09000000000000341,105.936,106.036,105.87299999999999,105.988
2018-04-03 14:00:00,-0.0519999999999925,-0.006999999999990791,0.036000000000001364,0.06300000000000239,0.04999999999999716,0.019000000000019668,105.986,106.07,105.758,105.897
2018-04-03 15:00:00,0.10599999999999454,0.09300000000000352,0.13800000000000523,0.2469999999999999,0.2079999999999984,0.19499999999999318,105.895,106.09200000000001,105.89299999999999,106.042
2018-04-03 16:00:00,0.11099999999999,0.1629999999999825,0.14999999999999147,0.28899999999998727,0.30399999999998784,0.26499999999998636,106.044,106.191,106.039,106.09899999999999
2018-04-03 17:00:00,0.3050000000000068,0.21400000000001285,0.26600000000000534,0.3410000000000082,0.3920000000000101,0.4070000000000107,106.09700000000001,106.20700000000001,106.056,106.20200000000001
2018-04-03 18:00:00,0.15500000000000114,0.29999999999999716,0.20900000000000318,0.29300000000000637,0.3359999999999985,0.38700000000000045,106.20200000000001,106.26799999999999,106.12899999999999,106.197
2018-04-03 19:00:00,0.1490000000000009,0.20599999999998886,0.3509999999999849,0.2989999999999924,0.3439999999999941,0.38699999999998624,106.199,106.273,106.16,106.24799999999999
2018-04-03 20:00:00,0.09099999999997976,0.19400000000000261,0.25099999999999056,0.3569999999999851,0.3439999999999941,0.3889999999999958,106.24700000000001,106.302,106.20200000000001,106.29299999999999
2018-04-03 21:00:00,0.2680000000000007,0.262999999999991,0.36600000000001387,0.47700000000000387,0.5289999999999964,0.5160000000000053,106.296,106.575,106.27,106.465
2018-04-03 22:00:00,0.30800000000000693,0.35899999999999466,0.353999999999985,0.6589999999999918,0.5679999999999978,0.6199999999999903,106.464,106.59299999999999,106.38,106.556
2018-04-03 23:00:00,0.1460000000000008,0.1910000000000025,0.24199999999999022,0.39699999999999136,0.5419999999999874,0.4509999999999934,106.556,106.57799999999999,106.43799999999999,106.439
2018-04-04 00:00:00,-0.02400000000000091,0.14800000000001035,0.19300000000001205,0.34200000000001296,0.3990000000000009,0.5439999999999969,106.441,106.49799999999999,106.391,106.441
2018-04-04 01:00:00,0.005000000000009663,0.09600000000000364,0.2680000000000149,0.35899999999999466,0.4620000000000175,0.5190000000000055,106.441,106.57799999999999,106.40700000000001,106.561
2018-04-04 02:00:00,0.13400000000000034,0.016999999999995907,0.10799999999998988,0.37599999999999056,0.3709999999999809,0.47400000000000375,106.561,106.57799999999999,106.421,106.573
2018-04-04 03:00:00,0.20600000000000307,0.20800000000001262,0.09100000000000819,0.3990000000000151,0.45000000000000284,0.4449999999999932,106.571,106.655,106.535,106.647
2018-04-04 04:00:00,0.04600000000000648,0.16600000000001103,0.16800000000002058,0.3140000000000214,0.3590000000000231,0.4100000000000108,106.65,106.65299999999999,106.59100000000001,106.60700000000001
2018-04-04 05:00:00,0.021000000000000796,0.03299999999998704,0.1529999999999916,0.12899999999999068,0.30100000000000193,0.34600000000000364,106.60600000000001,106.654,106.59100000000001,106.594
2018-04-04 06:00:00,-0.14400000000001967,-0.07000000000000739,-0.058000000000021146,-0.05300000000001148,0.03799999999998249,0.20999999999999375,106.59299999999999,106.618,106.494,106.50299999999999
2018-04-04 07:00:00,-0.16600000000001103,-0.20600000000000307,-0.1319999999999908,0.0020000000000095497,-0.11499999999999488,-0.02400000000000091,106.505,106.545,106.425,106.441
2018-04-04 08:00:00,-0.07099999999999795,-0.0840000000000174,-0.12400000000000944,0.08199999999999363,0.08400000000000318,-0.03300000000000125,106.445,106.59,106.40899999999999,106.523
2018-04-04 09:00:00,0.01100000000000989,-0.0799999999999983,-0.09300000000001774,-0.047000000000011255,0.07299999999999329,0.07500000000000284,106.525,106.584,106.431,106.514
2018-04-04 10:00:00,0.03499999999999659,-0.026999999999986812,-0.117999999999995,-0.0969999999999942,-0.08500000000000796,0.03499999999999659,106.514,106.546,106.459,106.476
2018-04-04 11:00:00,-0.016999999999995907,0.06499999999999773,0.0030000000000143245,-0.14100000000000534,-0.06699999999999307,-0.05500000000000682,106.478,106.56,106.464,106.506
2018-04-04 12:00:00,0.043000000000006366,0.034000000000006025,0.11599999999999966,-0.05000000000001137,-0.09000000000000341,-0.015999999999991132,106.507,106.557,106.485,106.557
2018-04-04 13:00:00,0.06400000000000716,0.02600000000001046,0.017000000000010118,-0.053999999999987836,-0.06700000000000728,-0.10699999999999932,106.556,106.59100000000001,106.49600000000001,106.54
2018-04-04 14:00:00,0.14699999999999136,0.1769999999999925,0.1389999999999958,0.15000000000000568,0.0589999999999975,0.04599999999997806,106.54,106.68700000000001,106.529,106.65299999999999
2018-04-04 15:00:00,-0.35300000000000864,-0.3020000000000067,-0.27200000000000557,-0.23700000000000898,-0.2989999999999924,-0.39000000000000057,106.65,106.65,106.193,106.204
2018-04-04 16:00:00,-0.3430000000000035,-0.35999999999999943,-0.3089999999999975,-0.3259999999999934,-0.24399999999999977,-0.3059999999999832,106.205,106.221,105.99,106.197
2018-04-04 17:00:00,-0.48399999999999466,-0.3710000000000093,-0.38800000000000523,-0.34499999999999886,-0.3539999999999992,-0.27200000000000557,106.199,106.21,106.10600000000001,106.169
2018-04-04 18:00:00,-0.0689999999999884,-0.5179999999999865,-0.40500000000000114,-0.340999999999994,-0.3789999999999907,-0.387999999999991,106.17,106.176,105.992,106.135
2018-04-04 19:00:00,-0.023000000000010346,-0.030000000000001137,-0.4789999999999992,-0.33200000000000784,-0.3020000000000067,-0.3400000000000034,106.13600000000001,106.24700000000001,106.124,106.17399999999999
2018-04-04 20:00:00,0.07899999999999352,0.05099999999998772,0.04399999999999693,-0.3090000000000117,-0.2580000000000098,-0.22800000000000864,106.17399999999999,106.27799999999999,106.12100000000001,106.24799999999999
2018-04-04 21:00:00,0.18899999999999295,0.15500000000000114,0.12699999999999534,-0.21600000000000819,-0.2330000000000041,-0.18200000000000216,106.24799999999999,106.35600000000001,106.18799999999999,106.324
2018-04-04 22:00:00,0.37700000000000955,0.4159999999999968,0.382000000000005,-0.10199999999998965,0.01099999999999568,-0.006000000000000227,106.335,106.566,106.238,106.551
2018-04-04 23:00:00,0.31100000000000705,0.3850000000000051,0.4239999999999924,0.355000000000004,-0.09399999999999409,0.018999999999991246,106.551,106.62799999999999,106.47200000000001,106.559
2018-04-05 00:00:00,0.2880000000000109,0.36400000000001853,0.4380000000000166,0.41500000000000625,0.40800000000001546,-0.040999999999982606,106.55799999999999,106.65,106.535,106.61200000000001
2018-04-05 01:00:00,0.02199999999999136,0.24899999999999523,0.32500000000000284,0.40399999999999636,0.37599999999999056,0.3689999999999998,106.61399999999999,106.62299999999999,106.509,106.573
2018-04-05 02:00:00,0.18200000000000216,0.18999999999999773,0.4170000000000016,0.6059999999999945,0.5720000000000027,0.5439999999999969,106.57600000000001,106.79899999999999,106.57600000000001,106.741
2018-04-05 03:00:00,0.1839999999999975,0.23700000000000898,0.24500000000000455,0.6220000000000141,0.6610000000000014,0.6270000000000095,106.73899999999999,106.822,106.68,106.796
2018-04-05 04:00:00,0.20000000000000284,0.16099999999998715,0.21399999999999864,0.5250000000000057,0.5990000000000038,0.637999999999991,106.796,106.846,106.756,106.773
2018-04-05 05:00:00,0.019000000000005457,0.18700000000001182,0.14799999999999613,0.43600000000000705,0.5120000000000147,0.5860000000000127,106.772,106.774,106.72,106.76
2018-04-05 06:00:00,-0.016000000000005343,0.03900000000000148,0.20700000000000784,0.2289999999999992,0.45600000000000307,0.5320000000000107,106.759,106.811,106.729,106.78
2018-04-05 07:00:00,0.012000000000000455,-0.01100000000000989,0.04399999999999693,0.2259999999999991,0.23399999999999466,0.4609999999999985,106.78,106.804,106.741,106.785
2018-04-05 08:00:00,0.10699999999999932,0.0940000000000083,0.07099999999999795,0.25499999999999545,0.30800000000000693,0.3160000000000025,106.789,106.87700000000001,106.71,106.867
2018-04-05 09:00:00,0.1799999999999926,0.19999999999998863,0.1869999999999976,0.38700000000000045,0.34799999999998477,0.40099999999999625,106.86399999999999,106.97200000000001,106.77600000000001,106.96
2018-04-05 10:00:00,0.18999999999999773,0.19499999999999318,0.2149999999999892,0.23399999999999466,0.402000000000001,0.36299999999998533,106.959,106.98700000000001,106.899,106.975
2018-04-05 11:00:00,0.0519999999999925,0.13400000000000034,0.1389999999999958,0.12299999999999045,0.17799999999999727,0.34600000000000364,106.975,106.992,106.899,106.919
2018-04-05 12:00:00,-0.0239999999999867,0.06900000000000261,0.15100000000001046,0.16300000000001091,0.14000000000000057,0.1950000000000074,106.919,107.023,106.902,106.936
2018-04-05 13:00:00,-0.07699999999999818,-0.06199999999999761,0.0309999999999917,0.13799999999999102,0.125,0.10199999999998965,106.936,106.945,106.83200000000001,106.898
2018-04-05 14:00:00,0.13800000000000523,0.08200000000000784,0.09700000000000841,0.277000000000001,0.29699999999999704,0.284000000000006,106.898,107.086,106.866,107.057
2018-04-05 15:00:00,0.11999999999999034,0.13700000000000045,0.08100000000000307,0.2710000000000008,0.27599999999999625,0.29599999999999227,107.057,107.152,107.053,107.056
2018-04-05 16:00:00,0.21699999999999875,0.17899999999998784,0.19599999999999795,0.24799999999999045,0.3299999999999983,0.33499999999999375,107.057,107.14299999999999,107.02799999999999,107.115
2018-04-05 17:00:00,-0.007000000000005002,0.15200000000000102,0.11399999999999011,0.09000000000000341,0.18299999999999272,0.26500000000000057,107.115,107.12700000000001,106.95100000000001,107.05
2018-04-05 18:00:00,-0.06099999999999284,-0.06199999999999761,0.09700000000000841,0.020000000000010232,0.0350000000000108,0.1280000000000001,107.053,107.061,106.96600000000001,106.995
2018-04-05 19:00:00,-0.07299999999999329,-0.013999999999995794,-0.015000000000000568,0.12300000000000466,0.06700000000000728,0.08200000000000784,106.99700000000001,107.094,106.973,107.042
2018-04-05 20:00:00,0.03100000000000591,-0.033999999999991815,0.025000000000005684,0.14499999999999602,0.16200000000000614,0.10600000000000875,107.05,107.146,107.005,107.081
2018-04-05 21:00:00,0.13399999999998613,0.07899999999999352,0.013999999999995794,0.23099999999999454,0.19299999999998363,0.20999999999999375,107.08,107.131,107.0,107.12899999999999
2018-04-05 22:00:00,0.4129999999999967,0.45999999999999375,0.40500000000000114,0.39799999999999613,0.5570000000000022,0.5189999999999912,107.13,107.491,107.111,107.455
2018-04-05 23:00:00,0.3990000000000009,0.4380000000000024,0.48499999999999943,0.4240000000000066,0.4230000000000018,0.5820000000000078,107.456,107.485,107.39299999999999,107.48
2018-04-06 00:00:00,0.29800000000001603,0.34600000000000364,0.3850000000000051,0.3120000000000118,0.3710000000000093,0.37000000000000455,107.48,107.48200000000001,107.34,107.427
2018-04-06 01:00:00,-0.08200000000000784,0.24399999999999977,0.2919999999999874,0.3229999999999933,0.25799999999999557,0.31699999999999307,107.427,107.45200000000001,107.32,107.37299999999999
2018-04-06 02:00:00,-0.04000000000000625,-0.015000000000000568,0.31100000000000705,0.4449999999999932,0.39000000000000057,0.32500000000000284,107.374,107.448,107.365,107.44
2018-04-06 03:00:00,0.0379999999999967,-0.015000000000000568,0.010000000000005116,0.4230000000000018,0.46999999999999886,0.41500000000000625,107.439,107.48899999999999,107.37899999999999,107.465
2018-04-06 04:00:00,0.008000000000009777,-0.04600000000000648,-0.09900000000000375,0.29999999999999716,0.33899999999999864,0.3859999999999957,107.46700000000001,107.478,107.369,107.381
2018-04-06 05:00:00,-0.027000000000001023,0.04000000000000625,-0.014000000000010004,0.284000000000006,0.33199999999999363,0.3709999999999951,107.381,107.429,107.367,107.413
2018-04-06 06:00:00,-0.3089999999999975,-0.2839999999999918,-0.21699999999998454,-0.2989999999999924,0.027000000000015234,0.07500000000000284,107.412,107.435,107.155,107.156
2018-04-06 07:00:00,-0.2749999999999915,-0.35899999999999466,-0.333999999999989,-0.3739999999999952,-0.34899999999998954,-0.022999999999981924,107.156,107.197,107.0,107.10600000000001
2018-04-06 08:00:00,-0.2609999999999957,-0.2289999999999992,-0.3130000000000024,-0.2750000000000057,-0.32800000000000296,-0.30299999999999727,107.105,107.18700000000001,107.064,107.152
2018-04-06 09:00:00,-0.01300000000001944,-0.27000000000001023,-0.23800000000001376,-0.23000000000000398,-0.28400000000002024,-0.3370000000000175,107.15299999999999,107.18299999999999,106.994,107.14299999999999
2018-04-06 10:00:00,0.1110000000000042,0.06100000000000705,-0.19599999999998374,-0.22299999999998477,-0.1559999999999775,-0.20999999999999375,107.145,107.264,107.13,107.21700000000001
2018-04-06 11:00:00,0.0759999999999934,0.12199999999998568,0.07199999999998852,-0.23700000000000898,-0.2120000000000033,-0.14499999999999602,107.21799999999999,107.285,107.175,107.228
2018-04-06 12:00:00,0.20800000000001262,0.19899999999999807,0.24499999999999034,-0.030000000000001137,-0.11400000000000432,-0.08899999999999864,107.229,107.439,107.22399999999999,107.351
2018-04-06 13:00:00,0.0689999999999884,0.1430000000000149,0.13400000000000034,-0.12699999999999534,-0.09499999999999886,-0.17900000000000205,107.35,107.381,107.26799999999999,107.286
2018-04-06 14:00:00,0.18999999999999773,0.2009999999999792,0.2750000000000057,0.26199999999998624,0.0049999999999954525,0.03699999999999193,107.288,107.43,107.27600000000001,107.41799999999999
2018-04-06 15:00:00,0.049000000000006594,0.17200000000001125,0.18299999999999272,0.29399999999999693,0.24399999999999977,-0.012999999999991019,107.419,107.46,107.351,107.4
2018-04-06 16:00:00,0.1280000000000001,0.06300000000000239,0.18600000000000705,0.26200000000000045,0.3079999999999927,0.25799999999999557,107.405,107.443,107.352,107.414
2018-04-06 17:00:00,-0.08899999999999864,0.042999999999992156,-0.02200000000000557,0.18600000000000705,0.1769999999999925,0.22299999999998477,107.414,107.42200000000001,107.323,107.329
2018-04-06 18:00:00,-0.01300000000000523,-0.0309999999999917,0.10099999999999909,0.1699999999999875,0.24400000000001398,0.23499999999999943,107.325,107.402,107.323,107.387
2018-04-06 19:00:00,-0.10600000000000875,-0.09200000000001296,-0.10999999999999943,0.0799999999999983,0.09099999999997976,0.16500000000000625,107.387,107.39200000000001,107.307,107.30799999999999
2018-04-06 20:00:00,-0.1039999999999992,-0.18900000000000716,-0.17500000000001137,-0.12600000000000477,-0.0030000000000001137,0.007999999999981355,107.309,107.406,107.125,107.225
2018-04-06 21:00:00,-0.17099999999999227,-0.11299999999998533,-0.1979999999999933,-0.06999999999999318,-0.1349999999999909,-0.011999999999986244,107.223,107.285,106.988,107.21600000000001
2018-04-06 22:00:00,-0.18899999999999295,-0.2680000000000007,-0.20999999999999375,-0.2989999999999924,-0.1670000000000016,-0.23199999999999932,107.21600000000001,107.256,107.071,107.119
2018-04-06 23:00:00,-0.18099999999999739,-0.2639999999999958,-0.3430000000000035,-0.35600000000000875,-0.3739999999999952,-0.24200000000000443,107.118,107.118,106.948,107.044
2018-04-07 00:00:00,-0.1080000000000183,-0.11700000000000443,-0.20000000000000284,-0.3060000000000116,-0.2920000000000158,-0.3100000000000023,107.044,107.154,106.99600000000001,107.10799999999999
2018-04-07 01:00:00,-0.2669999999999959,-0.3640000000000043,-0.37299999999999045,-0.47699999999998965,-0.5619999999999976,-0.5480000000000018,107.10799999999999,107.11,106.83,106.852
2018-04-07 02:00:00,-0.20299999999998875,-0.2779999999999916,-0.375,-0.5459999999999923,-0.48799999999998533,-0.5729999999999933,106.851,106.93,106.824,106.84100000000001
2018-04-07 03:00:00,-0.23799999999998533,-0.17399999999999238,-0.24899999999999523,-0.4379999999999882,-0.5169999999999959,-0.458999999999989,106.84,106.92200000000001,106.775,106.87
2018-04-07 04:00:00,0.04999999999999716,-0.20599999999998886,-0.1419999999999959,-0.3229999999999933,-0.4059999999999917,-0.48499999999999943,106.87,106.976,106.844,106.902
2018-04-09 05:00:00,0.07199999999998852,0.06099999999999284,-0.19499999999999318,-0.3030000000000115,-0.3119999999999976,-0.394999999999996,106.931,106.948,106.889,106.913
2018-04-09 06:00:00,0.022999999999981924,0.051999999999978286,0.040999999999982606,-0.2260000000000133,-0.3230000000000217,-0.33200000000000784,106.912,107.039,106.89299999999999,106.89299999999999
2018-04-09 07:00:00,0.055999999999997385,0.08799999999999386,0.11699999999999022,-0.08599999999999852,-0.16100000000000136,-0.2580000000000098,106.89299999999999,106.99799999999999,106.802,106.958
2018-04-09 08:00:00,-0.02599999999999625,-0.015000000000000568,0.016999999999995907,-0.22099999999998943,-0.15699999999999648,-0.23199999999999932,106.956,107.015,106.85600000000001,106.887
2018-04-09 09:00:00,0.025000000000005684,0.0049999999999954525,0.015999999999991132,0.06599999999998829,-0.18999999999999773,-0.12600000000000477,106.887,106.96600000000001,106.838,106.91799999999999
2018-04-09 10:00:00,-0.000999999999990564,0.06400000000002137,0.04400000000001114,0.11599999999999966,0.10500000000000398,-0.15099999999998204,106.91799999999999,106.96600000000001,106.89299999999999,106.95700000000001
2018-04-09 11:00:00,0.14799999999999613,0.07699999999999818,0.14200000000001012,0.16499999999999204,0.1939999999999884,0.18299999999999272,106.961,107.06700000000001,106.93700000000001,107.035
2018-04-09 12:00:00,0.09900000000001796,0.13000000000000966,0.05900000000001171,0.1150000000000091,0.14700000000000557,0.17600000000000193,107.035,107.04799999999999,106.999,107.01700000000001
2018-04-09 13:00:00,0.02199999999999136,0.06100000000000705,0.09199999999999875,0.0660000000000025,0.07699999999999818,0.10899999999999466,107.01799999999999,107.044,106.954,106.979
2018-04-09 14:00:00,0.06200000000001182,0.14000000000000057,0.17900000000001626,0.20400000000002194,0.1840000000000117,0.1950000000000074,106.98100000000001,107.12899999999999,106.963,107.09700000000001
2018-04-09 15:00:00,0.07099999999998374,0.05299999999999727,0.13099999999998602,0.12999999999999545,0.1950000000000074,0.17499999999999716,107.09700000000001,107.146,106.955,107.088
2018-04-09 16:00:00,0.10899999999999466,0.07099999999998374,0.05299999999999727,0.2009999999999934,0.12999999999999545,0.1950000000000074,107.087,107.154,107.066,107.088
2018-04-09 17:00:00,0.04599999999997806,0.16399999999998727,0.12599999999997635,0.22499999999999432,0.255999999999986,0.18499999999998806,107.086,107.156,107.073,107.14299999999999
2018-04-09 18:00:00,0.012000000000000455,0.002999999999985903,0.12099999999999511,0.14299999999998647,0.18200000000000216,0.21299999999999386,107.14299999999999,107.20299999999999,107.094,107.1
2018-04-09 19:00:00,-0.018999999999991246,-0.018999999999991246,-0.028000000000005798,0.034000000000006025,0.11199999999999477,0.15100000000001046,107.1,107.139,107.038,107.069
2018-04-09 20:00:00,-0.17799999999998306,-0.12299999999999045,-0.12299999999999045,-0.05200000000000671,-0.06999999999999318,0.007999999999995566,107.071,107.10700000000001,106.964,106.965
2018-04-09 21:00:00,-0.09600000000000364,-0.1389999999999958,-0.08400000000000318,0.024999999999991473,-0.01300000000001944,-0.03100000000000591,106.965,107.037,106.90100000000001,107.00399999999999
2018-04-09 22:00:00,-0.031999999999996476,-0.06299999999998818,-0.10599999999998033,-0.060000000000002274,0.058000000000006935,0.01999999999999602,107.00299999999999,107.10600000000001,106.97399999999999,107.037
2018-04-09 23:00:00,0.10299999999999443,-0.0010000000000047748,-0.031999999999996476,-0.01999999999999602,-0.029000000000010573,0.08899999999999864,107.038,107.109,107.01100000000001,107.068
2018-04-10 00:00:00,-0.06699999999997885,-0.027999999999991587,-0.1319999999999908,-0.15099999999998204,-0.15099999999998204,-0.1599999999999966,107.06700000000001,107.12,106.906,106.93700000000001
2018-04-10 01:00:00,-0.12100000000000932,-0.08799999999999386,-0.049000000000006594,-0.22699999999998965,-0.17199999999999704,-0.17199999999999704,106.93799999999999,106.961,106.912,106.916
2018-04-10 02:00:00,-0.29299999999999216,-0.26200000000000045,-0.228999999999985,-0.32499999999998863,-0.3679999999999808,-0.3129999999999882,106.915,106.919,106.75,106.775
2018-04-10 03:00:00,-0.2640000000000242,-0.39500000000001023,-0.36400000000001853,-0.396000000000015,-0.4270000000000067,-0.46999999999999886,106.775,106.77799999999999,106.616,106.67299999999999
2018-04-10 04:00:00,-0.16399999999998727,-0.18500000000000227,-0.3159999999999883,-0.21299999999999386,-0.31699999999999307,-0.34799999999998477,106.67299999999999,106.788,106.646,106.75200000000001
2018-04-10 05:00:00,0.01099999999999568,-0.12999999999999545,-0.15100000000001046,-0.2179999999999893,-0.17900000000000205,-0.28300000000000125,106.757,106.79799999999999,106.708,106.786
2018-04-10 06:00:00,0.060000000000002274,-0.0420000000000158,-0.18300000000000693,-0.30400000000001626,-0.2710000000000008,-0.23200000000001353,106.786,106.786,106.709,106.73299999999999
2018-04-10 07:00:00,0.002999999999985903,0.08200000000000784,-0.020000000000010232,-0.3130000000000024,-0.2820000000000107,-0.24899999999999523,106.73200000000001,106.759,106.70299999999999,106.755
2018-04-10 08:00:00,-0.10200000000000387,-0.06800000000001205,0.01100000000000989,-0.2530000000000143,-0.38400000000000034,-0.35300000000000864,106.75299999999999,106.75299999999999,106.618,106.684
2018-04-10 09:00:00,0.19600000000001216,0.14300000000000068,0.1769999999999925,0.01300000000000523,-0.008000000000009777,-0.1389999999999958,106.68299999999999,106.947,106.679,106.929
2018-04-10 10:00:00,0.41899999999999693,0.4410000000000025,0.387999999999991,0.3989999999999867,0.25799999999999557,0.23699999999998056,106.93,107.242,106.87899999999999,107.17399999999999
2018-04-10 11:00:00,0.4030000000000058,0.33200000000000784,0.3540000000000134,0.4140000000000157,0.3119999999999976,0.17100000000000648,107.17299999999999,107.18799999999999,107.053,107.087
2018-04-10 12:00:00,0.1880000000000024,0.43300000000000693,0.362000000000009,0.3649999999999949,0.4440000000000168,0.34199999999999875,107.086,107.13600000000001,107.07799999999999,107.117
2018-04-10 13:00:00,-0.031999999999982265,0.21300000000000807,0.4580000000000126,0.35600000000000875,0.39000000000000057,0.4690000000000225,107.116,107.184,107.096,107.14200000000001
2018-04-10 14:00:00,0.08599999999998431,-0.0010000000000047748,0.24399999999998556,0.4399999999999977,0.38699999999998624,0.42099999999997806,107.14,107.23,107.12299999999999,107.17299999999999
2018-04-10 15:00:00,-0.21699999999999875,-0.1869999999999976,-0.2739999999999867,0.14500000000001023,0.1670000000000158,0.11400000000000432,107.17299999999999,107.17299999999999,106.805,106.9
2018-04-10 16:00:00,-0.15900000000002024,-0.13400000000001455,-0.10400000000001342,0.2989999999999924,0.22799999999999443,0.25,106.9,107.06299999999999,106.844,106.98299999999999
2018-04-10 17:00:00,-0.1599999999999966,-0.1290000000000191,-0.10400000000001342,0.08399999999998897,0.3289999999999935,0.25799999999999557,106.98200000000001,107.035,106.973,107.01299999999999
2018-04-10 18:00:00,0.14700000000000557,-0.12599999999997635,-0.09499999999999886,-0.12699999999998113,0.11800000000000921,0.36300000000001376,107.01299999999999,107.09100000000001,106.976,107.04700000000001
2018-04-10 19:00:00,0.07400000000001228,0.15699999999999648,-0.11599999999998545,-0.030000000000001137,-0.11699999999999022,0.1280000000000001,107.04700000000001,107.07,106.932,107.057
2018-04-10 20:00:00,0.07500000000000284,0.10500000000000398,0.18799999999998818,-0.029000000000010573,0.000999999999990564,-0.08599999999999852,107.057,107.155,106.97399999999999,107.088
2018-04-10 21:00:00,-0.07500000000000284,-0.040999999999982606,-0.010999999999981469,-0.1700000000000017,-0.14499999999999602,-0.11499999999999488,107.087,107.133,106.941,106.97200000000001
2018-04-10 22:00:00,0.11099999999999,0.1209999999999809,0.15500000000000114,-0.0049999999999954525,0.025999999999982037,0.05099999999998772,106.971,107.178,106.943,107.16799999999999
2018-04-10 23:00:00,0.21099999999999852,0.24199999999999022,0.25199999999998113,0.3989999999999867,0.12600000000000477,0.15699999999998226,107.167,107.397,107.13600000000001,107.29899999999999
2018-04-11 00:00:00,0.25199999999998113,0.13599999999999568,0.16699999999998738,0.24099999999999966,0.32399999999998386,0.05100000000000193,107.29799999999999,107.303,107.126,107.22399999999999
2018-04-11 01:00:00,0.15500000000000114,0.3509999999999849,0.23499999999999943,0.3100000000000023,0.3400000000000034,0.4229999999999876,107.223,107.331,107.12299999999999,107.323
2018-04-11 02:00:00,-0.12999999999999545,0.0010000000000047748,0.19699999999998852,0.12199999999998568,0.1560000000000059,0.18600000000000705,107.324,107.374,107.145,107.169
2018-04-11 03:00:00,-0.06699999999997885,-0.1419999999999817,-0.010999999999981469,0.10000000000000853,0.10999999999999943,0.14400000000001967,107.17,107.212,107.126,107.15700000000001
2018-04-11 04:00:00,-0.12599999999999056,-0.026999999999986812,-0.10199999999998965,0.10900000000000887,0.14000000000000057,0.14999999999999147,107.154,107.206,107.137,107.197
2018-04-11 05:00:00,0.02400000000000091,-0.12999999999999545,-0.0309999999999917,0.22099999999998943,0.10500000000000398,0.13599999999999568,107.19200000000001,107.25,107.19,107.193
2018-04-11 06:00:00,0.04999999999999716,0.038000000000010914,-0.11599999999998545,0.03900000000001569,0.23499999999999943,0.11900000000001398,107.193,107.226,107.171,107.20700000000001
2018-04-11 07:00:00,-0.0660000000000025,-0.02600000000001046,-0.0379999999999967,-0.16799999999999216,-0.03699999999999193,0.15899999999999181,107.209,107.225,107.095,107.131
2018-04-11 08:00:00,-0.0940000000000083,-0.09800000000001319,-0.058000000000021146,-0.125,-0.20000000000000284,-0.06900000000000261,107.13,107.135,106.97,107.09899999999999
2018-04-11 09:00:00,-0.11700000000000443,-0.10299999999999443,-0.10699999999999932,-0.23299999999998988,-0.13399999999998613,-0.20899999999998897,107.098,107.15100000000001,107.08,107.09
2018-04-11 10:00:00,-0.01099999999999568,-0.0870000000000033,-0.07299999999999329,-0.04899999999999238,-0.20299999999998875,-0.103999999999985,107.09200000000001,107.131,107.056,107.12
2018-04-11 11:00:00,-0.03799999999998249,-0.06999999999999318,-0.1460000000000008,-0.09600000000000364,-0.10799999999998988,-0.26199999999998624,107.12,107.14200000000001,107.022,107.061
2018-04-11 12:00:00,-0.07100000000001216,-0.0799999999999983,-0.11200000000000898,-0.17800000000001148,-0.13800000000001944,-0.15000000000000568,107.061,107.087,107.01899999999999,107.01899999999999
2018-04-11 13:00:00,-0.05500000000000682,-0.025000000000005684,-0.033999999999991815,-0.1280000000000001,-0.132000000000005,-0.09200000000001296,107.016,107.109,107.015,107.065
2018-04-11 14:00:00,-0.006000000000000227,-0.06499999999999773,-0.03499999999999659,-0.15200000000000102,-0.13799999999999102,-0.1419999999999959,107.065,107.10799999999999,107.01799999999999,107.055
2018-04-11 15:00:00,-0.01099999999999568,-0.05300000000001148,-0.11200000000000898,-0.12300000000000466,-0.19900000000001228,-0.18500000000000227,107.056,107.085,106.98200000000001,107.008
2018-04-11 16:00:00,-0.10799999999998988,-0.0619999999999834,-0.1039999999999992,-0.1419999999999817,-0.17399999999999238,-0.25,107.007,107.01700000000001,106.89299999999999,106.95700000000001
2018-04-11 17:00:00,-0.1039999999999992,-0.11399999999999011,-0.06799999999998363,-0.1389999999999958,-0.14799999999998192,-0.1799999999999926,106.956,107.027,106.93299999999999,106.95100000000001
2018-04-11 18:00:00,-0.11299999999999955,-0.1600000000000108,-0.1700000000000017,-0.22500000000000853,-0.1950000000000074,-0.20399999999999352,106.95100000000001,106.98299999999999,106.865,106.895
2018-04-11 19:00:00,-0.10700000000001353,-0.15800000000000125,-0.2050000000000125,-0.21100000000001273,-0.27000000000001023,-0.2400000000000091,106.897,106.904,106.74799999999999,106.85
2018-04-11 20:00:00,-0.11899999999999977,-0.125,-0.17599999999998772,-0.1869999999999834,-0.2289999999999992,-0.2879999999999967,106.851,106.851,106.681,106.83200000000001
2018-04-11 21:00:00,0.007000000000005002,-0.049000000000006594,-0.05500000000000682,-0.1629999999999967,-0.11699999999999022,-0.15900000000000603,106.833,106.96,106.794,106.902
2018-04-11 22:00:00,-0.14299999999998647,-0.18799999999998818,-0.24399999999999977,-0.347999999999999,-0.3579999999999899,-0.3119999999999834,106.90100000000001,106.927,106.699,106.70700000000001
2018-04-11 23:00:00,-0.05700000000000216,-0.07499999999998863,-0.11999999999999034,-0.23299999999998988,-0.28000000000000114,-0.28999999999999204,106.70700000000001,106.809,106.65,106.775
2018-04-12 00:00:00,-0.03499999999999659,0.03499999999999659,0.017000000000010118,-0.09000000000000341,-0.14099999999999113,-0.1880000000000024,106.774,106.945,106.758,106.867
2018-04-12 01:00:00,0.1389999999999958,-0.055999999999997385,0.013999999999995794,-0.10500000000000398,-0.1110000000000042,-0.16199999999999193,106.868,106.92399999999999,106.79899999999999,106.846
2018-04-12 02:00:00,0.15799999999998704,0.22599999999998488,0.0309999999999917,0.0379999999999967,-0.018000000000014893,-0.02400000000001512,106.846,107.06299999999999,106.802,106.93299999999999
2018-04-12 03:00:00,-0.01300000000000523,0.07899999999999352,0.14699999999999136,0.0040000000000048885,-0.04099999999999682,-0.09700000000000841,106.93299999999999,106.94200000000001,106.78,106.854
2018-04-12 04:00:00,-0.060000000000002274,-0.08100000000000307,0.01099999999999568,-0.04600000000000648,-0.06399999999999295,-0.10899999999999466,106.855,106.87299999999999,106.78200000000001,106.786
2018-04-12 05:00:00,-0.13500000000000512,-0.04800000000001603,-0.06900000000001683,-0.10400000000001342,-0.034000000000020236,-0.05200000000000671,106.785,106.844,106.77600000000001,106.79799999999999
2018-04-12 06:00:00,-0.054000000000002046,-0.13299999999999557,-0.04600000000000648,0.09299999999998931,-0.10200000000000387,-0.03200000000001069,106.79700000000001,106.829,106.786,106.8
2018-04-12 07:00:00,0.03900000000000148,-0.028999999999996362,-0.10799999999998988,0.04999999999999716,0.117999999999995,-0.07699999999999818,106.801,106.865,106.791,106.825
2018-04-12 08:00:00,0.05400000000001626,0.0660000000000025,-0.001999999999995339,-0.015000000000000568,0.07699999999999818,0.14499999999999602,106.82600000000001,106.87200000000001,106.7,106.852
2018-04-12 09:00:00,0.05700000000001637,0.05900000000002592,0.07100000000001216,0.01100000000000989,-0.009999999999990905,0.08200000000000784,106.852,106.926,106.83200000000001,106.85700000000001
2018-04-12 10:00:00,0.053999999999987836,0.07899999999999352,0.08100000000000307,-0.054000000000002046,0.03299999999998704,0.011999999999986244,106.855,106.934,106.855,106.87899999999999
2018-04-12 11:00:00,0.011999999999986244,0.03899999999998727,0.06399999999999295,0.009999999999990905,-0.06900000000000261,0.01799999999998647,106.88,106.90299999999999,106.815,106.86399999999999
2018-04-12 12:00:00,0.051999999999978286,0.05699999999998795,0.08399999999998897,0.12299999999999045,0.05499999999999261,-0.02400000000000091,106.866,106.936,106.865,106.90899999999999
2018-04-12 13:00:00,0.054000000000002046,0.0759999999999792,0.08099999999998886,0.13500000000000512,0.14699999999999136,0.07899999999999352,106.90899999999999,106.97200000000001,106.89299999999999,106.93299999999999
2018-04-12 14:00:00,0.012000000000014666,-0.002999999999985903,0.018999999999991246,0.07600000000000762,0.07800000000001717,0.09000000000000341,106.935,106.94,106.835,106.876
2018-04-12 15:00:00,-0.009999999999990905,0.0350000000000108,0.020000000000010232,0.07399999999999807,0.09900000000000375,0.1010000000000133,106.876,106.926,106.848,106.899
2018-04-12 16:00:00,-0.10899999999999466,-0.08499999999999375,-0.03999999999999204,-0.028000000000005798,-0.0010000000000047748,0.02400000000000091,106.899,106.926,106.82,106.824
2018-04-12 17:00:00,0.04099999999999682,-0.015999999999991132,0.008000000000009777,0.05999999999998806,0.06499999999999773,0.09199999999999875,106.823,106.96,106.823,106.917
2018-04-12 18:00:00,0.2560000000000002,0.27899999999999636,0.2220000000000084,0.27600000000001046,0.2979999999999876,0.30299999999999727,106.917,107.18,106.917,107.155
2018-04-12 19:00:00,0.3539999999999992,0.27899999999999636,0.3019999999999925,0.31400000000000716,0.2990000000000066,0.32099999999998374,107.155,107.20299999999999,107.096,107.178
2018-04-12 20:00:00,0.31799999999999784,0.41100000000000136,0.3359999999999985,0.3260000000000076,0.3710000000000093,0.35600000000000875,107.178,107.241,107.11,107.235
2018-04-12 21:00:00,0.21999999999999886,0.4579999999999984,0.5510000000000019,0.4420000000000073,0.4660000000000082,0.5110000000000099,107.236,107.429,107.179,107.375
2018-04-12 22:00:00,0.0870000000000033,0.10999999999999943,0.347999999999999,0.3889999999999958,0.33200000000000784,0.35600000000000875,107.374,107.402,107.26299999999999,107.265
2018-04-12 23:00:00,0.0799999999999983,0.13700000000000045,0.1599999999999966,0.4159999999999968,0.43899999999999295,0.382000000000005,107.26299999999999,107.40899999999999,107.26100000000001,107.315
2018-04-13 00:00:00,-0.1560000000000059,-0.016000000000005343,0.04099999999999682,0.394999999999996,0.3199999999999932,0.3429999999999893,107.315,107.345,107.209,107.219
2018-04-13 01:00:00,-0.08899999999999864,-0.19899999999999807,-0.0589999999999975,0.25900000000000034,0.35200000000000387,0.277000000000001,107.21799999999999,107.285,107.08,107.176
2018-04-13 02:00:00,-0.10500000000000398,-0.05500000000000682,-0.16500000000000625,0.05499999999999261,0.29299999999999216,0.3859999999999957,107.176,107.265,107.165,107.21
2018-04-13 03:00:00,0.007000000000005002,-0.08899999999999864,-0.03900000000000148,0.04800000000000182,0.07099999999999795,0.3089999999999975,107.213,107.24600000000001,107.166,107.226
2018-04-13 04:00:00,0.14100000000000534,0.09800000000001319,0.0020000000000095497,0.08200000000000784,0.13900000000001,0.16200000000000614,107.227,107.367,107.226,107.31700000000001
2018-04-13 05:00:00,0.0940000000000083,0.1280000000000001,0.08500000000000796,-0.07099999999999795,0.06900000000000261,0.12600000000000477,107.315,107.345,107.287,107.304
2018-04-13 06:00:00,0.02199999999999136,0.0379999999999967,0.07199999999998852,-0.017000000000010118,-0.12700000000000955,0.012999999999991019,107.302,107.31700000000001,107.243,107.24799999999999
2018-04-13 07:00:00,-0.06499999999999773,0.02600000000001046,0.0420000000000158,-0.06299999999998818,-0.012999999999991019,-0.12299999999999045,107.24799999999999,107.257,107.20299999999999,107.25200000000001
2018-04-13 08:00:00,0.028999999999996362,0.015999999999991132,0.10699999999999932,0.11400000000000432,0.018000000000000682,0.06799999999999784,107.25399999999999,107.37100000000001,107.251,107.333
2018-04-13 09:00:00,0.17200000000001125,0.11599999999999966,0.10299999999999443,0.24399999999999977,0.20100000000000762,0.10500000000000398,107.333,107.48,107.31,107.42
2018-04-13 10:00:00,0.11699999999999022,0.12100000000000932,0.06499999999999773,0.15900000000000603,0.19299999999999784,0.15000000000000568,107.42,107.43299999999999,107.319,107.369
2018-04-13 11:00:00,0.02400000000001512,0.10500000000000398,0.10900000000002308,0.13100000000001444,0.14700000000001978,0.1810000000000116,107.37,107.40299999999999,107.355,107.35700000000001
2018-04-13 12:00:00,-0.04600000000000648,0.04099999999999682,0.12199999999998568,0.05699999999998795,0.14799999999999613,0.16400000000000148,107.35700000000001,107.381,107.333,107.374
2018-04-13 13:00:00,0.09800000000001319,0.047000000000011255,0.13400000000001455,0.16300000000001091,0.15000000000000568,0.24100000000001387,107.374,107.48299999999999,107.36200000000001,107.46700000000001
2018-04-13 14:00:00,0.2429999999999808,0.23099999999999454,0.1799999999999926,0.35200000000000387,0.29599999999999227,0.28299999999998704,107.47,107.65799999999999,107.455,107.6
2018-04-13 15:00:00,0.26899999999999125,0.28599999999997294,0.2739999999999867,0.3909999999999769,0.394999999999996,0.3389999999999844,107.6,107.675,107.556,107.64299999999999
2018-04-13 16:00:00,0.14699999999997715,0.23999999999999488,0.2569999999999766,0.2809999999999917,0.36199999999998056,0.36599999999999966,107.641,107.66,107.56,107.61399999999999
2018-04-13 17:00:00,-0.007000000000005002,0.12599999999997635,0.2189999999999941,0.1729999999999876,0.2599999999999909,0.34099999999997976,107.613,107.631,107.523,107.59299999999999
2018-04-13 18:00:00,0.03200000000001069,0.07500000000000284,0.2079999999999842,0.3059999999999974,0.25499999999999545,0.34199999999999875,107.59299999999999,107.682,107.55799999999999,107.675
2018-04-13 19:00:00,0.0800000000000125,0.051000000000016144,0.0940000000000083,0.3369999999999891,0.32500000000000284,0.2740000000000009,107.67299999999999,107.73700000000001,107.65,107.694
2018-04-13 20:00:00,0.1080000000000183,0.08700000000001751,0.058000000000021146,0.3270000000000124,0.3439999999999941,0.33200000000000784,107.694,107.715,107.65799999999999,107.70100000000001
2018-04-13 21:00:00,-0.027999999999991587,0.05400000000001626,0.03300000000001546,0.1799999999999926,0.27300000000001035,0.28999999999999204,107.699,107.77799999999999,107.603,107.647
2018-04-13 22:00:00,-0.17600000000001614,-0.1570000000000107,-0.07500000000000284,-0.08200000000000784,0.05099999999997351,0.14399999999999125,107.649,107.649,107.486,107.51799999999999
2018-04-13 23:00:00,-0.16600000000001103,-0.15900000000000603,-0.14000000000000057,-0.10799999999998988,-0.06499999999999773,0.06799999999998363,107.51899999999999,107.54899999999999,107.439,107.535
2018-04-14 00:00:00,-0.25200000000000955,-0.3060000000000116,-0.2990000000000066,-0.2189999999999941,-0.24799999999999045,-0.2049999999999983,107.53399999999999,107.539,107.37700000000001,107.395
2018-04-14 01:00:00,-0.018999999999991246,-0.14800000000001035,-0.2020000000000124,-0.09399999999999409,-0.11499999999999488,-0.14399999999999125,107.395,107.51,107.389,107.499
2018-04-14 02:00:00,-0.11499999999999488,-0.09799999999998477,-0.22700000000000387,-0.25499999999999545,-0.1729999999999876,-0.1939999999999884,107.499,107.506,107.419,107.42
2018-04-14 03:00:00,-0.02599999999999625,-0.16599999999999682,-0.1489999999999867,-0.32500000000000284,-0.3059999999999974,-0.22399999999998954,107.421,107.421,107.25299999999999,107.369
2018-04-14 04:00:00,-0.16400000000000148,-0.060000000000002274,-0.20000000000000284,-0.36600000000001387,-0.35900000000000887,-0.3400000000000034,107.37,107.375,107.335,107.335
2018-04-16 05:00:00,0.0689999999999884,-0.010000000000005116,0.09399999999999409,-0.15800000000001546,-0.2120000000000175,-0.2050000000000125,107.48100000000001,107.559,107.44200000000001,107.48899999999999
2018-04-16 06:00:00,0.17199999999999704,0.12099999999999511,0.04200000000000159,0.023000000000010346,-0.10600000000000875,-0.1600000000000108,107.493,107.60799999999999,107.45700000000001,107.541
2018-04-16 07:00:00,0.18600000000000705,0.15200000000000102,0.10099999999999909,-0.013999999999995794,0.0030000000000143245,-0.12600000000000477,107.54,107.583,107.478,107.521
2018-04-16 08:00:00,-0.016999999999981696,0.13700000000001467,0.10300000000000864,0.07700000000001239,-0.06299999999998818,-0.04599999999997806,107.521,107.521,107.38,107.47200000000001
2018-04-16 09:00:00,-0.16100000000000136,-0.10899999999999466,0.045000000000001705,-0.11899999999999977,-0.015000000000000568,-0.15500000000000114,107.473,107.478,107.33,107.38
2018-04-16 10:00:00,-0.3230000000000075,-0.3430000000000035,-0.2909999999999968,-0.2220000000000084,-0.30100000000000193,-0.19700000000000273,107.38,107.41,107.17200000000001,107.198
2018-04-16 11:00:00,-0.2220000000000084,-0.2710000000000008,-0.2909999999999968,-0.11899999999999977,-0.1700000000000017,-0.24899999999999523,107.20100000000001,107.273,107.175,107.25
2018-04-16 12:00:00,-0.132000000000005,-0.22400000000001796,-0.27300000000001035,-0.0870000000000033,-0.12100000000000932,-0.17200000000001125,107.25,107.25299999999999,107.164,107.24799999999999
2018-04-16 13:00:00,0.010000000000005116,-0.17199999999999704,-0.26400000000001,-0.2809999999999917,-0.12699999999999534,-0.16100000000000136,107.24799999999999,107.25299999999999,107.12899999999999,107.208
2018-04-16 14:00:00,-0.03299999999998704,0.019000000000019668,-0.1629999999999825,-0.32399999999998386,-0.27199999999997715,-0.11799999999998079,107.20700000000001,107.314,107.17,107.21700000000001
2018-04-16 15:00:00,-0.0379999999999967,-0.04000000000000625,0.012000000000000455,-0.31100000000000705,-0.33100000000000307,-0.27899999999999636,107.219,107.289,107.198,107.21
2018-04-16 16:00:00,-0.015000000000000568,-0.05499999999999261,-0.05700000000000216,-0.2790000000000106,-0.32800000000000296,-0.347999999999999,107.208,107.274,107.181,107.193
2018-04-16 17:00:00,-0.015000000000000568,-0.0059999999999860165,-0.04599999999997806,-0.17799999999998306,-0.269999999999996,-0.3189999999999884,107.19200000000001,107.22,107.15,107.20200000000001
2018-04-16 18:00:00,0.025000000000005684,0.01799999999998647,0.027000000000001023,0.03700000000000614,-0.14499999999999602,-0.23700000000000898,107.20100000000001,107.271,107.182,107.235
2018-04-16 19:00:00,0.1419999999999959,0.125,0.11799999999998079,0.08499999999999375,0.13700000000000045,-0.045000000000001705,107.23299999999999,107.337,107.219,107.335
2018-04-16 20:00:00,0.10699999999998511,0.11599999999999966,0.09900000000000375,0.06100000000000705,0.0589999999999975,0.1110000000000042,107.335,107.39,107.26299999999999,107.309
2018-04-16 21:00:00,-0.022999999999996135,0.009999999999990905,0.019000000000005457,0.0040000000000048885,-0.03599999999998715,-0.0379999999999967,107.309,107.338,107.196,107.212
2018-04-16 22:00:00,-0.08200000000000784,0.01799999999998647,0.05099999999997351,0.03599999999997294,0.044999999999987494,0.0049999999999954525,107.211,107.29799999999999,107.167,107.25299999999999
2018-04-16 23:00:00,-0.04899999999999238,-0.07499999999998863,0.025000000000005684,0.05000000000001137,0.042999999999992156,0.05200000000000671,107.25399999999999,107.29,107.235,107.26
2018-04-17 00:00:00,-0.09700000000000841,-0.19400000000000261,-0.21999999999999886,-0.07800000000000296,-0.09499999999999886,-0.10200000000001808,107.26100000000001,107.28,107.1,107.115
2018-04-17 01:00:00,-0.1939999999999884,-0.1530000000000058,-0.25,-0.1430000000000149,-0.13400000000000034,-0.15099999999999625,107.116,107.17299999999999,107.04700000000001,107.059
2018-04-17 02:00:00,-0.1740000000000066,-0.16699999999998738,-0.12600000000000477,-0.1490000000000009,-0.11600000000001387,-0.10699999999999932,107.059,107.09200000000001,107.035,107.086
2018-04-17 03:00:00,0.020000000000010232,-0.125,-0.11799999999998079,-0.19999999999998863,-0.09999999999999432,-0.06700000000000728,107.087,107.154,107.071,107.135
2018-04-17 04:00:00,0.04899999999999238,-0.007000000000005002,-0.15200000000001523,-0.20100000000000762,-0.22700000000000387,-0.12700000000000955,107.13600000000001,107.14399999999999,107.074,107.10799999999999
2018-04-17 05:00:00,0.04600000000000648,0.0730000000000075,0.017000000000010118,-0.0799999999999983,-0.1769999999999925,-0.20299999999998875,107.103,107.148,107.095,107.132
2018-04-17 06:00:00,-0.021000000000015007,0.027999999999991587,0.05499999999999261,-0.1389999999999958,-0.09800000000001319,-0.1950000000000074,107.132,107.137,107.09,107.11399999999999
2018-04-17 07:00:00,-0.05499999999999261,-0.08200000000000784,-0.03300000000000125,-0.20700000000000784,-0.19999999999998863,-0.15900000000000603,107.115,107.161,107.036,107.053
2018-04-17 08:00:00,-0.06400000000000716,-0.03999999999999204,-0.06700000000000728,-0.046999999999997044,-0.19200000000000728,-0.18499999999998806,107.053,107.118,106.99700000000001,107.068
2018-04-17 09:00:00,-0.11199999999998056,-0.12999999999999545,-0.10599999999998033,-0.05699999999998795,-0.11299999999998533,-0.25799999999999557,107.068,107.068,106.969,107.00200000000001
2018-04-17 10:00:00,-0.010000000000005116,-0.07099999999999795,-0.08900000000001285,-0.043000000000006366,-0.016000000000005343,-0.07200000000000273,107.00200000000001,107.09100000000001,107.001,107.04299999999999
2018-04-17 11:00:00,0.0049999999999954525,0.01999999999999602,-0.04099999999999682,-0.06200000000001182,-0.01300000000000523,0.013999999999995794,107.04299999999999,107.094,107.02,107.073
2018-04-17 12:00:00,0.055999999999983174,-0.010000000000005116,0.0049999999999954525,-0.04999999999999716,-0.07700000000001239,-0.028000000000005798,107.072,107.081,107.024,107.05799999999999
2018-04-17 13:00:00,-0.04399999999999693,-0.0030000000000143245,-0.06900000000000261,-0.13300000000000978,-0.10899999999999466,-0.1360000000000099,107.05799999999999,107.065,106.98899999999999,106.999
2018-04-17 14:00:00,-0.15699999999999648,-0.12699999999999534,-0.08600000000001273,-0.1979999999999933,-0.21600000000000819,-0.19199999999999307,106.999,107.025,106.904,106.916
2018-04-17 15:00:00,-0.06099999999997863,-0.0759999999999792,-0.04599999999997806,-0.055999999999983174,-0.11699999999997601,-0.1349999999999909,106.915,107.009,106.883,106.99700000000001
2018-04-17 16:00:00,-0.030000000000001137,-0.08899999999999864,-0.1039999999999992,-0.09900000000000375,-0.08400000000000318,-0.14499999999999602,106.995,107.016,106.917,106.969
2018-04-17 17:00:00,0.1419999999999959,0.0589999999999975,0.0,0.055999999999983174,-0.010000000000005116,0.0049999999999954525,106.969,107.07,106.95,107.05799999999999
2018-04-17 18:00:00,0.08099999999997465,0.16199999999999193,0.07899999999999352,0.03499999999999659,0.0759999999999792,0.009999999999990905,107.059,107.09299999999999,107.02799999999999,107.07799999999999
2018-04-17 19:00:00,0.1220000000000141,0.09399999999999409,0.17500000000001137,0.018000000000014893,0.04800000000001603,0.08899999999999864,107.07700000000001,107.09899999999999,107.029,107.09100000000001
2018-04-17 20:00:00,0.08300000000001262,0.17200000000001125,0.14399999999999125,0.08300000000001262,0.06800000000001205,0.09800000000001319,107.09100000000001,107.16799999999999,107.07600000000001,107.141
2018-04-17 21:00:00,0.047000000000011255,0.06700000000000728,0.1560000000000059,0.12600000000000477,0.06700000000000728,0.05200000000000671,107.14200000000001,107.152,107.07600000000001,107.125
2018-04-17 22:00:00,0.05100000000000193,0.06400000000002137,0.0840000000000174,0.2260000000000133,0.1430000000000149,0.0840000000000174,107.126,107.211,107.12,107.14200000000001
2018-04-17 23:00:00,-0.054000000000002046,-0.0040000000000048885,0.009000000000014552,0.0899999999999892,0.17100000000000648,0.08800000000000807,107.14200000000001,107.15799999999999,107.086,107.087
2018-04-18 00:00:00,-0.18200000000000216,-0.1980000000000075,-0.14800000000001035,-0.02599999999999625,-0.05400000000001626,0.027000000000001023,107.088,107.126,106.935,106.943
2018-04-18 01:00:00,-0.1430000000000149,-0.12600000000000477,-0.14200000000001012,-0.0589999999999975,0.030000000000001137,0.001999999999981128,106.943,107.021,106.896,106.999
2018-04-18 02:00:00,-0.08300000000001262,-0.13800000000001944,-0.12100000000000932,-0.07399999999999807,-0.054000000000002046,0.03499999999999659,106.99799999999999,107.031,106.945,107.00399999999999
2018-04-18 03:00:00,0.07200000000000273,-0.07200000000000273,-0.12700000000000955,-0.07600000000000762,-0.06299999999998818,-0.042999999999992156,107.00399999999999,107.04700000000001,106.988,107.015
2018-04-18 04:00:00,0.0049999999999954525,0.06099999999999284,-0.08300000000001262,-0.13700000000001467,-0.08700000000001751,-0.07399999999999807,107.015,107.041,106.992,107.00399999999999
2018-04-18 05:00:00,0.008000000000009777,0.01300000000000523,0.06900000000000261,-0.11299999999999955,-0.1290000000000049,-0.07900000000000773,107.00299999999999,107.041,106.98700000000001,107.012
2018-04-18 06:00:00,0.01799999999998647,0.028999999999996362,0.033999999999991815,-0.10900000000002308,-0.09200000000001296,-0.1080000000000183,107.01100000000001,107.054,107.00200000000001,107.03299999999999
2018-04-18 07:00:00,0.017000000000010118,0.006000000000000227,0.017000000000010118,-0.0660000000000025,-0.12100000000000932,-0.1039999999999992,107.03200000000001,107.06299999999999,107.007,107.021
2018-04-18 08:00:00,0.17099999999999227,0.17900000000000205,0.16799999999999216,0.23999999999999488,0.09599999999998943,0.040999999999982606,107.021,107.20700000000001,107.008,107.18299999999999
2018-04-18 09:00:00,0.2570000000000192,0.2780000000000058,0.2860000000000156,0.291000000000011,0.3470000000000084,0.20300000000000296,107.18299999999999,107.324,107.18,107.29
2018-04-18 10:00:00,0.2219999999999942,0.21000000000000796,0.23099999999999454,0.23900000000000432,0.24399999999999977,0.29999999999999716,107.29,107.295,107.23100000000001,107.243
2018-04-18 11:00:00,0.13900000000001,0.30100000000000193,0.2890000000000157,0.30700000000000216,0.31800000000001205,0.3230000000000075,107.244,107.353,107.244,107.322
2018-04-18 12:00:00,0.06099999999999284,0.16800000000000637,0.3299999999999983,0.3470000000000084,0.3359999999999985,0.3470000000000084,107.322,107.375,107.296,107.351
2018-04-18 13:00:00,0.09600000000000364,0.04899999999999238,0.1560000000000059,0.3269999999999982,0.33500000000000796,0.32399999999999807,107.351,107.383,107.31,107.339
2018-04-18 14:00:00,-0.019000000000005457,0.060000000000002274,0.012999999999991019,0.27000000000001023,0.2909999999999968,0.2990000000000066,107.34100000000001,107.35700000000001,107.28200000000001,107.303
2018-04-18 15:00:00,-0.045000000000001705,-0.016000000000005343,0.06300000000000239,0.2849999999999966,0.27300000000001035,0.29399999999999693,107.306,107.376,107.274,107.306
2018-04-18 16:00:00,-0.057999999999992724,-0.06999999999999318,-0.04099999999999682,0.09800000000001319,0.2600000000000051,0.24800000000001887,107.304,107.348,107.256,107.281
2018-04-18 17:00:00,-0.030000000000001137,-0.0660000000000025,-0.07800000000000296,-0.017000000000010118,0.09000000000000341,0.25199999999999534,107.281,107.323,107.245,107.273
2018-04-18 18:00:00,-0.07899999999999352,-0.0759999999999934,-0.11199999999999477,-0.015999999999991132,-0.06300000000000239,0.04400000000001114,107.27,107.275,107.204,107.227
2018-04-18 19:00:00,-0.04800000000001603,-0.0730000000000075,-0.07000000000000739,-0.08900000000001285,-0.010000000000005116,-0.05700000000001637,107.226,107.23899999999999,107.165,107.23299999999999
2018-04-18 20:00:00,-0.046999999999997044,-0.05500000000000682,-0.0799999999999983,-0.125,-0.09600000000000364,-0.016999999999995907,107.23299999999999,107.24700000000001,107.199,107.226
2018-04-18 21:00:00,-0.04200000000000159,-0.08799999999999386,-0.09600000000000364,-0.15399999999999636,-0.16599999999999682,-0.13700000000000045,107.22399999999999,107.241,107.145,107.185
2018-04-18 22:00:00,0.0030000000000143245,0.009000000000000341,-0.03699999999999193,-0.06699999999999307,-0.10299999999999443,-0.11499999999999488,107.185,107.241,107.09700000000001,107.236
2018-04-18 23:00:00,0.042999999999992156,0.036000000000001364,0.04199999999998738,-0.03700000000000614,-0.034000000000006025,-0.07000000000000739,107.238,107.29899999999999,107.223,107.26899999999999
2018-04-19 00:00:00,-0.01999999999999602,-0.06099999999999284,-0.06799999999998363,-0.11599999999999966,-0.14099999999999113,-0.13799999999999102,107.26899999999999,107.306,107.15100000000001,107.165
2018-04-19 01:00:00,-0.017000000000010118,0.033999999999991815,-0.007000000000005002,-0.054000000000002046,-0.06200000000001182,-0.0870000000000033,107.164,107.273,107.15899999999999,107.219
2018-04-19 02:00:00,-0.006000000000000227,0.026999999999986812,0.07799999999998875,0.03599999999998715,-0.010000000000005116,-0.018000000000014893,107.219,107.274,107.18,107.26299999999999
2018-04-19 03:00:00,0.055999999999997385,-0.04799999999998761,-0.015000000000000568,-0.011999999999986244,-0.006000000000000227,-0.0519999999999925,107.264,107.315,107.206,107.221
2018-04-19 04:00:00,0.01100000000000989,0.06499999999999773,-0.03899999999998727,0.0040000000000048885,-0.002999999999985903,0.0030000000000001137,107.22,107.25,107.20700000000001,107.23
2018-04-19 05:00:00,-0.057999999999992724,-0.013999999999995794,0.03999999999999204,0.01999999999999602,-0.021000000000000796,-0.027999999999991587,107.23,107.241,107.18799999999999,107.205
2018-04-19 06:00:00,-0.008000000000009777,-0.04999999999999716,-0.006000000000000227,-0.023000000000010346,0.027999999999991587,-0.01300000000000523,107.205,107.24700000000001,107.181,107.213
2018-04-19 07:00:00,0.125,0.13400000000000034,0.09200000000001296,0.08600000000001273,0.11899999999999977,0.1700000000000017,107.214,107.36,107.211,107.355
2018-04-19 08:00:00,0.2289999999999992,0.20399999999999352,0.21299999999999386,0.26899999999999125,0.16500000000000625,0.1979999999999933,107.35700000000001,107.46700000000001,107.33,107.434
2018-04-19 09:00:00,0.26500000000000057,0.27299999999999613,0.24799999999999045,0.25900000000000034,0.3129999999999882,0.20900000000000318,107.434,107.515,107.417,107.478
2018-04-19 10:00:00,0.06499999999999773,0.20700000000000784,0.2150000000000034,0.1570000000000107,0.20100000000000762,0.25499999999999545,107.478,107.484,107.41,107.42
2018-04-19 11:00:00,-0.021000000000000796,0.057999999999992724,0.20000000000000284,0.19199999999999307,0.15000000000000568,0.19400000000000261,107.421,107.444,107.37200000000001,107.413
2018-04-19 12:00:00,-0.046999999999997044,-0.0030000000000001137,0.0759999999999934,0.2009999999999934,0.20999999999999375,0.16800000000000637,107.413,107.431,107.35799999999999,107.431
2018-04-19 13:00:00,0.0020000000000095497,-0.055999999999983174,-0.011999999999986244,0.21700000000001296,0.19200000000000728,0.20100000000000762,107.431,107.448,107.37299999999999,107.42200000000001
2018-04-19 14:00:00,-0.04000000000000625,-0.047000000000011255,-0.10500000000000398,0.1599999999999966,0.16799999999999216,0.14299999999998647,107.42200000000001,107.47,107.36399999999999,107.37299999999999
2018-04-19 15:00:00,-0.14300000000000068,-0.125,-0.132000000000005,-0.06700000000000728,0.07500000000000284,0.08299999999999841,107.37299999999999,107.385,107.26899999999999,107.288
2018-04-19 16:00:00,-0.06200000000001182,-0.07099999999999795,-0.05299999999999727,-0.07399999999999807,0.0049999999999954525,0.14700000000000557,107.288,107.405,107.262,107.36
2018-04-19 17:00:00,-0.0009999999999763531,-0.04999999999999716,-0.05899999999998329,-0.10599999999998033,-0.0619999999999834,0.017000000000010118,107.361,107.431,107.353,107.37200000000001
2018-04-19 18:00:00,0.125,0.04000000000000625,-0.009000000000014552,-0.007000000000005002,-0.06499999999999773,-0.021000000000000796,107.37200000000001,107.456,107.35799999999999,107.413
2018-04-19 19:00:00,-0.0020000000000095497,0.06999999999999318,-0.015000000000000568,-0.05500000000000682,-0.06200000000001182,-0.12000000000000455,107.414,107.44,107.35600000000001,107.35799999999999
2018-04-19 20:00:00,-0.02400000000001512,-0.012000000000000455,0.060000000000002274,-0.08299999999999841,-0.06499999999999773,-0.07200000000000273,107.35799999999999,107.396,107.31299999999999,107.348
2018-04-19 21:00:00,-0.027999999999991587,0.012999999999991019,0.025000000000005684,-0.03700000000000614,-0.04599999999999227,-0.027999999999991587,107.34899999999999,107.421,107.32600000000001,107.385
2018-04-19 22:00:00,0.004000000000019099,-0.05099999999998772,-0.010000000000005116,-0.010999999999981469,-0.060000000000002274,-0.0689999999999884,107.385,107.4,107.33,107.36200000000001
2018-04-19 23:00:00,0.0799999999999983,0.07000000000000739,0.015000000000000568,0.14000000000000057,0.05500000000000682,0.0059999999999860165,107.361,107.469,107.348,107.428
2018-04-20 00:00:00,-0.10999999999999943,-0.07299999999999329,-0.0829999999999842,-0.08499999999999375,-0.012999999999991019,-0.09799999999998477,107.428,107.446,107.26,107.275
2018-04-20 01:00:00,-0.043000000000006366,-0.0660000000000025,-0.028999999999996362,-0.05300000000001148,-0.04099999999999682,0.03100000000000591,107.274,107.329,107.23899999999999,107.319
2018-04-20 02:00:00,-0.030000000000001137,0.03599999999998715,0.012999999999991019,-0.015000000000000568,0.025999999999982037,0.0379999999999967,107.319,107.421,107.318,107.398
2018-04-20 03:00:00,0.07699999999999818,-0.0759999999999934,-0.010000000000005116,-0.0059999999999860165,-0.06099999999999284,-0.020000000000010232,107.40100000000001,107.505,107.315,107.352
2018-04-20 04:00:00,0.04399999999999693,0.08799999999999386,-0.06499999999999773,0.015000000000000568,0.005000000000009663,-0.04999999999999716,107.352,107.375,107.34899999999999,107.363
2018-04-20 05:00:00,-0.006999999999990791,0.07200000000000273,0.11599999999999966,0.006000000000000227,0.043000000000006366,0.03300000000001546,107.361,107.415,107.352,107.391
2018-04-20 06:00:00,0.07099999999998374,0.024999999999991473,0.103999999999985,0.06099999999997863,0.03799999999998249,0.07499999999998863,107.39,107.44200000000001,107.385,107.42299999999999
2018-04-20 07:00:00,0.08100000000000307,0.09199999999999875,0.04600000000000648,0.016000000000005343,0.08199999999999363,0.0589999999999975,107.42200000000001,107.46,107.37700000000001,107.444
2018-04-20 08:00:00,0.07199999999998852,0.09999999999999432,0.11099999999999,0.18799999999998818,0.03499999999999659,0.10099999999998488,107.443,107.561,107.39399999999999,107.463
2018-04-20 09:00:00,0.2950000000000017,0.32699999999998397,0.35499999999998977,0.3989999999999867,0.44299999999998363,0.28999999999999204,107.462,107.73200000000001,107.413,107.71799999999999
2018-04-20 10:00:00,0.2120000000000033,0.2330000000000183,0.26500000000000057,0.2580000000000098,0.3370000000000033,0.3810000000000002,107.721,107.728,107.615,107.656
2018-04-20 11:00:00,0.15200000000000102,0.17099999999999227,0.19200000000000728,0.262999999999991,0.21699999999999875,0.29599999999999227,107.656,107.67200000000001,107.58,107.615
2018-04-20 12:00:00,-0.07099999999998374,0.1840000000000117,0.20300000000000296,0.284000000000006,0.2950000000000017,0.24900000000000944,107.616,107.685,107.616,107.647
2018-04-20 13:00:00,-0.02200000000000557,-0.08399999999998897,0.17100000000000648,0.242999999999995,0.2710000000000008,0.2819999999999965,107.647,107.67200000000001,107.605,107.634
2018-04-20 14:00:00,-0.10899999999999466,-0.15000000000000568,-0.21199999999998909,0.08300000000001262,0.11499999999999488,0.14300000000000068,107.63,107.632,107.486,107.506
2018-04-20 15:00:00,-0.09199999999999875,-0.05999999999998806,-0.10099999999999909,0.1110000000000042,0.1320000000000192,0.16400000000000148,107.507,107.57799999999999,107.479,107.555
2018-04-20 16:00:00,-0.018000000000000682,-0.03100000000000591,0.0010000000000047748,0.1530000000000058,0.17199999999999704,0.19300000000001205,107.554,107.616,107.535,107.616
2018-04-20 17:00:00,0.15399999999999636,0.02599999999999625,0.012999999999991019,-0.057999999999992724,0.19700000000000273,0.21599999999999397,107.616,107.686,107.601,107.66
2018-04-20 18:00:00,0.08100000000000307,0.13000000000000966,0.0020000000000095497,-0.01999999999999602,-0.08199999999997942,0.17300000000001603,107.661,107.711,107.634,107.63600000000001
2018-04-20 19:00:00,0.0040000000000048885,0.06499999999999773,0.11400000000000432,0.005000000000009663,-0.036000000000001364,-0.09799999999998477,107.63600000000001,107.655,107.574,107.62
2018-04-20 20:00:00,0.03300000000000125,0.07699999999999818,0.13799999999999102,0.04599999999999227,0.07800000000000296,0.03699999999999193,107.62,107.70200000000001,107.551,107.693
2018-04-20 21:00:00,0.15499999999998693,0.13100000000000023,0.17499999999999716,0.15699999999999648,0.14399999999999125,0.17600000000000193,107.695,107.79799999999999,107.663,107.791
2018-04-20 22:00:00,0.07799999999998875,0.0619999999999834,0.0379999999999967,0.19199999999999307,0.06399999999999295,0.05099999999998772,107.79,107.855,107.691,107.698
2018-04-20 23:00:00,-0.07900000000000773,-0.006000000000014438,-0.02200000000001978,0.05899999999998329,0.10799999999998988,-0.020000000000010232,107.698,107.711,107.565,107.61399999999999
2018-04-21 00:00:00,-0.2799999999999869,-0.18199999999998795,-0.10899999999999466,-0.10499999999998977,-0.04399999999999693,0.005000000000009663,107.615,107.646,107.51,107.51100000000001
2018-04-21 01:00:00,-0.12000000000000455,-0.21300000000000807,-0.1150000000000091,-0.08200000000000784,-0.038000000000010914,0.022999999999981924,107.512,107.604,107.506,107.57799999999999
2018-04-21 02:00:00,-0.0239999999999867,-0.10799999999998988,-0.2009999999999934,-0.04600000000000648,-0.06999999999999318,-0.02599999999999625,107.57799999999999,107.604,107.556,107.59
2018-04-21 03:00:00,0.13399999999998613,0.03100000000000591,-0.05299999999999727,0.024999999999991473,0.00899999999998613,-0.015000000000000568,107.588,107.645,107.555,107.645
2018-04-21 04:00:00,0.05400000000001626,0.12099999999999511,0.018000000000014893,-0.06099999999999284,0.012000000000000455,-0.0040000000000048885,107.645,107.666,107.58200000000001,107.632
2018-04-23 05:00:00,0.17399999999999238,0.18600000000000705,0.2529999999999859,-0.027000000000001023,0.07099999999999795,0.14399999999999125,107.765,107.818,107.736,107.764
2018-04-23 06:00:00,0.13500000000000512,0.18999999999999773,0.2020000000000124,0.08200000000000784,-0.01099999999999568,0.0870000000000033,107.764,107.804,107.65899999999999,107.78
2018-04-23 07:00:00,0.24799999999999045,0.23499999999999943,0.28999999999999204,0.26600000000000534,0.18200000000000216,0.08899999999999864,107.779,107.887,107.75,107.88
2018-04-23 08:00:00,0.054000000000002046,0.18599999999999284,0.17300000000000182,0.30699999999998795,0.20400000000000773,0.12000000000000455,107.87700000000001,107.87799999999999,107.73100000000001,107.818
2018-04-23 09:00:00,0.01099999999999568,0.027000000000001023,0.15899999999999181,0.21300000000000807,0.2799999999999869,0.1770000000000067,107.818,107.883,107.777,107.791
2018-04-23 10:00:00,-0.06700000000000728,0.03299999999998704,0.04899999999999238,0.22299999999998477,0.23499999999999943,0.3019999999999783,107.79,107.815,107.738,107.81299999999999
2018-04-23 11:00:00,-0.01099999999999568,-0.07299999999999329,0.027000000000001023,0.16200000000000614,0.21699999999999875,0.22900000000001342,107.81299999999999,107.844,107.803,107.807
2018-04-23 12:00:00,0.015000000000000568,-0.012000000000000455,-0.07399999999999807,0.17399999999999238,0.16100000000000136,0.21599999999999397,107.80799999999999,107.835,107.78399999999999,107.806
2018-04-23 13:00:00,-0.011999999999986244,0.010000000000005116,-0.016999999999995907,0.03700000000000614,0.16899999999999693,0.1560000000000059,107.805,107.83200000000001,107.766,107.801
2018-04-23 14:00:00,0.0350000000000108,0.029000000000024784,0.051000000000016144,0.06200000000001182,0.07800000000001717,0.21000000000000796,107.803,107.876,107.788,107.84200000000001
2018-04-23 15:00:00,0.10699999999999932,0.10599999999999454,0.10000000000000853,0.03300000000000125,0.13299999999999557,0.1490000000000009,107.84100000000001,107.939,107.82,107.913
2018-04-23 16:00:00,0.1979999999999933,0.19299999999999784,0.19199999999999307,0.18099999999999739,0.11899999999999977,0.2189999999999941,107.912,108.01,107.859,107.999
2018-04-23 17:00:00,0.3569999999999851,0.39799999999999613,0.3930000000000007,0.40800000000000125,0.3810000000000002,0.3190000000000026,108.0,108.255,107.99700000000001,108.199
2018-04-23 18:00:00,0.3059999999999974,0.37699999999998113,0.41799999999999216,0.4060000000000059,0.42799999999999727,0.40099999999999625,108.199,108.279,108.169,108.219
2018-04-23 19:00:00,0.17100000000000648,0.257000000000005,0.32799999999998875,0.36299999999999955,0.35700000000001353,0.3790000000000049,108.22,108.279,108.169,108.17
2018-04-23 20:00:00,0.01300000000000523,0.21300000000000807,0.2990000000000066,0.4060000000000059,0.40500000000000114,0.3990000000000151,108.171,108.258,108.125,108.212
2018-04-23 21:00:00,0.1560000000000059,0.17600000000000193,0.3760000000000048,0.5739999999999981,0.5690000000000026,0.5679999999999978,108.212,108.383,108.176,108.375
2018-04-23 22:00:00,0.2740000000000009,0.22500000000000853,0.24500000000000455,0.6019999999999897,0.6430000000000007,0.6380000000000052,108.37799999999999,108.48899999999999,108.366,108.444
2018-04-23 23:00:00,0.41500000000000625,0.45700000000000784,0.40800000000001546,0.7140000000000128,0.7849999999999966,0.8260000000000076,108.443,108.634,108.427,108.62700000000001
2018-04-24 00:00:00,0.27299999999999613,0.43599999999999284,0.47799999999999443,0.6490000000000009,0.7349999999999994,0.8059999999999832,108.626,108.713,108.566,108.648
2018-04-24 01:00:00,0.27200000000000557,0.3410000000000082,0.5040000000000049,0.5170000000000101,0.717000000000013,0.8030000000000115,108.648,108.734,108.63,108.71600000000001
2018-04-24 02:00:00,0.01999999999999602,0.20300000000000296,0.27200000000000557,0.4280000000000115,0.4480000000000075,0.6480000000000103,108.715,108.71799999999999,108.552,108.647
2018-04-24 03:00:00,0.07800000000000296,0.09899999999998954,0.2819999999999965,0.5559999999999974,0.507000000000005,0.527000000000001,108.645,108.75299999999999,108.632,108.726
2018-04-24 04:00:00,-0.015000000000000568,0.05300000000001148,0.07399999999999807,0.4890000000000043,0.5310000000000059,0.48200000000001353,108.729,108.74799999999999,108.676,108.70100000000001
2018-04-24 05:00:00,0.06299999999998818,-0.006000000000014438,0.06199999999999761,0.33499999999999375,0.49799999999999045,0.539999999999992,108.699,108.715,108.682,108.71
2018-04-24 06:00:00,-0.053999999999987836,0.025000000000005684,-0.04399999999999693,0.22800000000000864,0.29700000000001125,0.46000000000000796,108.71,108.735,108.67,108.67200000000001
2018-04-24 07:00:00,0.07099999999999795,0.04600000000000648,0.125,0.14499999999999602,0.32800000000000296,0.39700000000000557,108.67200000000001,108.789,108.67200000000001,108.772
2018-04-24 08:00:00,0.04000000000000625,0.04899999999999238,0.02400000000000091,0.10200000000000387,0.12299999999999045,0.3059999999999974,108.772,108.804,108.734,108.75
2018-04-24 09:00:00,0.1389999999999958,0.1010000000000133,0.10999999999999943,0.09499999999999886,0.16300000000001091,0.1839999999999975,108.75299999999999,108.869,108.706,108.811
2018-04-24 10:00:00,-0.021000000000000796,0.07899999999999352,0.04100000000001103,0.1039999999999992,0.03499999999999659,0.10300000000000864,108.811,108.83200000000001,108.693,108.751
2018-04-24 11:00:00,0.018999999999991246,-0.0030000000000143245,0.09699999999997999,0.042999999999992156,0.12199999999998568,0.05299999999998306,108.751,108.831,108.742,108.76899999999999
2018-04-24 12:00:00,0.0010000000000047748,0.06200000000001182,0.04000000000000625,0.1110000000000042,0.08600000000001273,0.16500000000000625,108.76899999999999,108.83200000000001,108.76899999999999,108.81200000000001
2018-04-24 13:00:00,0.045000000000001705,-0.015000000000000568,0.04600000000000648,0.08600000000001273,0.09499999999999886,0.07000000000000739,108.811,108.811,108.75399999999999,108.796
2018-04-24 14:00:00,0.0940000000000083,0.11199999999999477,0.0519999999999925,0.1909999999999883,0.1530000000000058,0.16199999999999193,108.796,108.863,108.75399999999999,108.863
2018-04-24 15:00:00,0.07499999999998863,0.11800000000000921,0.13599999999999568,0.11499999999999488,0.2149999999999892,0.1770000000000067,108.863,108.917,108.836,108.887
2018-04-24 16:00:00,0.0239999999999867,0.007999999999981355,0.05100000000000193,0.06999999999999318,0.04799999999998761,0.14799999999998192,108.88600000000001,108.9,108.81,108.82
2018-04-24 17:00:00,-0.0309999999999917,0.036000000000001364,0.01999999999999602,0.021000000000000796,0.08200000000000784,0.060000000000002274,108.82,108.86200000000001,108.805,108.83200000000001
2018-04-24 18:00:00,-0.03900000000000148,-0.015000000000000568,0.0519999999999925,0.0969999999999942,0.03699999999999193,0.09799999999999898,108.831,108.85700000000001,108.774,108.848
2018-04-24 19:00:00,-0.022999999999981924,-0.0899999999999892,-0.06599999999998829,0.02800000000002001,0.04600000000000648,-0.013999999999995794,108.84899999999999,108.869,108.79299999999999,108.79700000000001
2018-04-24 20:00:00,0.1659999999999826,0.17799999999999727,0.11099999999999,0.18599999999997863,0.2289999999999992,0.24699999999998568,108.795,109.066,108.792,108.99799999999999
2018-04-24 21:00:00,0.23499999999999943,0.25099999999999056,0.26300000000000523,0.28699999999999193,0.2709999999999866,0.31400000000000716,108.99600000000001,109.15700000000001,108.939,109.083
2018-04-24 22:00:00,0.3739999999999952,0.3230000000000075,0.33899999999999864,0.30800000000000693,0.375,0.35899999999999466,109.08200000000001,109.178,109.025,109.171
2018-04-24 23:00:00,0.034000000000020236,0.23499999999999943,0.1840000000000117,0.14500000000001023,0.16900000000001114,0.2360000000000042,109.17200000000001,109.199,109.03200000000001,109.03200000000001
2018-04-25 00:00:00,-0.36199999999999477,-0.2769999999999868,-0.07600000000000762,-0.09899999999998954,-0.16599999999999682,-0.1419999999999959,109.03200000000001,109.071,108.711,108.721
2018-04-25 01:00:00,-0.52800000000002,-0.44000000000001194,-0.355000000000004,-0.18900000000002137,-0.1770000000000067,-0.24400000000001398,108.72,108.789,108.633,108.64299999999999
2018-04-25 02:00:00,-0.35600000000000875,-0.49500000000000455,-0.4069999999999965,-0.17199999999999704,-0.1560000000000059,-0.14399999999999125,108.64399999999999,108.678,108.542,108.676
2018-04-25 03:00:00,0.02600000000001046,-0.2849999999999966,-0.4239999999999924,-0.04999999999999716,-0.10099999999998488,-0.08499999999999375,108.675,108.75,108.655,108.74700000000001
2018-04-25 04:00:00,0.1700000000000017,0.09199999999998454,-0.2190000000000225,-0.18500000000000227,0.01599999999997692,-0.0350000000000108,108.745,108.831,108.743,108.81299999999999
2018-04-25 05:00:00,0.14399999999999125,0.1770000000000067,0.09899999999998954,-0.26300000000000523,-0.17799999999999727,0.022999999999981924,108.80799999999999,108.82700000000001,108.786,108.82
2018-04-25 06:00:00,0.10899999999999466,0.18000000000000682,0.21300000000002228,-0.3149999999999977,-0.22699999999998965,-0.1419999999999817,108.82,108.876,108.816,108.85600000000001
2018-04-25 07:00:00,-0.010999999999981469,0.05499999999999261,0.12600000000000477,-0.23000000000000398,-0.3689999999999998,-0.2809999999999917,108.85600000000001,108.86399999999999,108.796,108.802
2018-04-25 08:00:00,0.07000000000000739,0.07700000000001239,0.14299999999998647,0.16899999999999693,-0.14200000000001012,-0.2810000000000059,108.802,108.963,108.788,108.89
2018-04-25 09:00:00,0.06299999999998818,0.09900000000000375,0.10600000000000875,0.27600000000001046,0.1979999999999933,-0.11300000000001376,108.89,109.061,108.87100000000001,108.919
2018-04-25 10:00:00,0.09499999999999886,0.04099999999999682,0.07700000000001239,0.22100000000000364,0.2540000000000191,0.17600000000000193,108.919,108.936,108.81,108.897
2018-04-25 11:00:00,0.12600000000000477,0.21399999999999864,0.1599999999999966,0.26899999999999125,0.3400000000000034,0.37300000000001887,108.898,109.01799999999999,108.884,109.016
2018-04-25 12:00:00,0.11399999999999011,0.14299999999998647,0.23099999999998033,0.21999999999999886,0.28599999999997294,0.3569999999999851,109.015,109.044,108.97200000000001,109.03299999999999
2018-04-25 13:00:00,0.1659999999999826,0.14399999999999125,0.1729999999999876,0.242999999999995,0.25,0.3159999999999741,109.03299999999999,109.081,108.99799999999999,109.06299999999999
2018-04-25 14:00:00,0.14999999999999147,0.26899999999999125,0.2469999999999999,0.30999999999998806,0.34600000000000364,0.35300000000000864,109.06200000000001,109.17,109.06,109.166
2018-04-25 15:00:00,0.21700000000001296,0.23399999999999466,0.35299999999999443,0.4479999999999933,0.39399999999999125,0.4300000000000068,109.166,109.266,109.13600000000001,109.25
2018-04-25 16:00:00,0.025000000000005684,0.05500000000000682,0.07199999999998852,0.1979999999999933,0.28599999999998715,0.2319999999999851,109.25,109.26700000000001,109.05799999999999,109.088
2018-04-25 17:00:00,-0.08100000000000307,0.02200000000000557,0.05200000000000671,0.16599999999999682,0.19499999999999318,0.28299999999998704,109.089,109.104,108.98100000000001,109.085
2018-04-25 18:00:00,-0.19599999999999795,-0.11199999999999477,-0.00899999999998613,0.15699999999999648,0.13500000000000512,0.16400000000000148,109.085,109.137,109.046,109.054
2018-04-25 19:00:00,0.132000000000005,-0.030000000000001137,0.054000000000002046,0.20399999999999352,0.3229999999999933,0.30100000000000193,109.053,109.25,109.03399999999999,109.22
2018-04-25 20:00:00,0.11400000000000432,0.1110000000000042,-0.05100000000000193,0.16600000000001103,0.18299999999999272,0.3019999999999925,109.219,109.25399999999999,109.166,109.199
2018-04-25 21:00:00,0.05300000000001148,0.02200000000001978,0.019000000000019668,0.04400000000002535,0.07400000000002649,0.09100000000000819,109.199,109.288,109.055,109.10700000000001
2018-04-25 22:00:00,0.08599999999999852,0.25199999999999534,0.22100000000000364,0.14000000000000057,0.2430000000000092,0.27300000000001035,109.10600000000001,109.344,109.09899999999999,109.306
2018-04-25 23:00:00,0.13700000000000045,0.11599999999999966,0.2819999999999965,0.08599999999999852,0.1700000000000017,0.27300000000001035,109.306,109.382,109.242,109.336
2018-04-26 00:00:00,0.13299999999998136,0.04099999999999682,0.01999999999999602,0.15200000000000102,-0.010000000000005116,0.07399999999999807,109.335,109.365,109.234,109.24
2018-04-26 01:00:00,0.05700000000000216,0.255999999999986,0.16400000000000148,0.2780000000000058,0.2750000000000057,0.11299999999999955,109.23899999999999,109.374,109.23700000000001,109.363
2018-04-26 02:00:00,0.012000000000000455,0.04200000000000159,0.24099999999998545,0.29399999999999693,0.26300000000000523,0.2600000000000051,109.36399999999999,109.375,109.29899999999999,109.348
2018-04-26 03:00:00,0.1220000000000141,0.02600000000001046,0.056000000000011596,0.14200000000001012,0.30800000000000693,0.27700000000001523,109.348,109.37200000000001,109.306,109.36200000000001
2018-04-26 04:00:00,0.058000000000006935,0.1810000000000116,0.08500000000000796,0.2220000000000084,0.20100000000000762,0.36700000000000443,109.365,109.454,109.348,109.421
2018-04-26 05:00:00,0.044999999999987494,0.029999999999986926,0.1529999999999916,0.28599999999997294,0.1939999999999884,0.1729999999999876,109.42299999999999,109.42299999999999,109.368,109.39299999999999
2018-04-26 06:00:00,0.04599999999997806,0.05999999999998806,0.044999999999987494,0.10199999999998965,0.3009999999999735,0.20899999999998897,109.39200000000001,109.469,109.39200000000001,109.40799999999999
2018-04-26 07:00:00,-0.047000000000011255,0.011999999999986244,0.02599999999999625,0.0379999999999967,0.06799999999999784,0.2669999999999817,109.40899999999999,109.447,109.35600000000001,109.374
2018-04-26 08:00:00,0.020000000000010232,-0.008000000000009777,0.05099999999998772,0.17300000000000182,0.07699999999999818,0.10699999999999932,109.37700000000001,109.43299999999999,109.243,109.413
2018-04-26 09:00:00,-0.040999999999982606,-0.025999999999982037,-0.054000000000002046,0.0040000000000048885,0.12700000000000955,0.03100000000000591,109.413,109.455,109.29,109.367
2018-04-26 10:00:00,-0.006999999999990791,-0.040999999999982606,-0.025999999999982037,0.019000000000005457,0.0040000000000048885,0.12700000000000955,109.365,109.375,109.305,109.367
2018-04-26 11:00:00,-0.12199999999999989,-0.08299999999999841,-0.11699999999999022,-0.07100000000001216,-0.05700000000000216,-0.07200000000000273,109.369,109.374,109.27799999999999,109.291
2018-04-26 12:00:00,-0.029000000000010573,-0.07500000000000284,-0.036000000000001364,-0.08300000000001262,-0.02400000000001512,-0.010000000000005116,109.291,109.35600000000001,109.291,109.338
2018-04-26 13:00:00,-0.04200000000000159,-0.04200000000000159,-0.08799999999999386,-0.06799999999998363,-0.09600000000000364,-0.03700000000000614,109.336,109.34700000000001,109.289,109.325
2018-04-26 14:00:00,0.0040000000000048885,-0.07200000000000273,-0.07200000000000273,-0.11299999999998533,-0.09799999999998477,-0.12600000000000477,109.32700000000001,109.395,109.28,109.295
2018-04-26 15:00:00,-0.011999999999986244,0.0350000000000108,-0.04099999999999682,-0.04799999999998761,-0.08199999999997942,-0.06699999999997885,109.296,109.36200000000001,109.243,109.32600000000001
2018-04-26 16:00:00,0.030000000000001137,0.017000000000010118,0.06400000000000716,-0.057999999999992724,-0.018999999999991246,-0.05299999999998306,109.325,109.37899999999999,109.307,109.355
2018-04-26 17:00:00,-0.0010000000000047748,-0.03100000000000591,-0.04399999999999693,-0.0730000000000075,-0.11899999999999977,-0.0799999999999983,109.354,109.383,109.264,109.294
2018-04-26 18:00:00,-0.11400000000000432,-0.08299999999999841,-0.11299999999999955,-0.15500000000000114,-0.15500000000000114,-0.2009999999999934,109.294,109.316,109.17399999999999,109.212
2018-04-26 19:00:00,-0.17499999999999716,-0.1460000000000008,-0.11499999999999488,-0.11099999999999,-0.1869999999999976,-0.1869999999999976,109.212,109.236,109.103,109.18
2018-04-26 20:00:00,-0.12299999999999045,-0.1839999999999975,-0.15500000000000114,-0.16699999999998738,-0.11999999999999034,-0.19599999999999795,109.18,109.26299999999999,109.098,109.171
2018-04-26 21:00:00,-0.019000000000005457,-0.10099999999999909,-0.16200000000000614,-0.132000000000005,-0.14499999999999602,-0.09799999999999898,109.17,109.205,109.066,109.193
2018-04-26 22:00:00,0.18299999999999272,0.15099999999999625,0.06900000000000261,0.06799999999999784,0.0379999999999967,0.025000000000005684,109.191,109.363,109.181,109.363
2018-04-26 23:00:00,0.12199999999998568,0.11299999999998533,0.08099999999998886,-0.03300000000001546,-0.0020000000000095497,-0.03200000000001069,109.361,109.396,109.25399999999999,109.29299999999999
2018-04-27 00:00:00,0.007000000000005002,0.028999999999996362,0.01999999999999602,-0.15500000000000114,-0.12600000000000477,-0.09499999999999886,109.295,109.329,109.19200000000001,109.2
2018-04-27 01:00:00,-0.06699999999999307,0.10300000000000864,0.125,0.0020000000000095497,-0.0589999999999975,-0.030000000000001137,109.20100000000001,109.306,109.20100000000001,109.296
2018-04-27 02:00:00,0.05200000000000671,-0.018000000000000682,0.15200000000000102,0.13299999999999557,0.05100000000000193,-0.010000000000005116,109.296,109.405,109.285,109.345
2018-04-27 03:00:00,0.1570000000000107,0.06400000000002137,-0.0059999999999860165,0.1770000000000067,0.14500000000001023,0.0630000000000166,109.348,109.419,109.316,109.35700000000001
2018-04-27 04:00:00,-0.0020000000000095497,0.09399999999999409,0.0010000000000047748,0.12299999999999045,0.11399999999999011,0.08199999999999363,109.35700000000001,109.381,109.294,109.294
2018-04-27 05:00:00,-0.0379999999999967,0.01099999999999568,0.10699999999999932,0.11400000000000432,0.13599999999999568,0.12699999999999534,109.294,109.34299999999999,109.25299999999999,109.307
2018-04-27 06:00:00,-0.009000000000014552,0.0030000000000001137,0.0519999999999925,-0.015000000000000568,0.15500000000000114,0.1769999999999925,109.305,109.353,109.302,109.348
2018-04-27 07:00:00,0.008000000000009777,-0.05500000000000682,-0.042999999999992156,0.009000000000014552,-0.06099999999999284,0.10900000000000887,109.34700000000001,109.34700000000001,109.301,109.302
2018-04-27 08:00:00,-0.04099999999999682,-0.027999999999991587,-0.09100000000000819,0.0660000000000025,-0.026999999999986812,-0.0969999999999942,109.302,109.325,109.23299999999999,109.266
2018-04-27 09:00:00,-0.19000000000001194,-0.14900000000001512,-0.1360000000000099,-0.13800000000001944,-0.0420000000000158,-0.13500000000000512,109.266,109.337,109.152,109.15799999999999
2018-04-27 10:00:00,-0.1430000000000149,-0.18900000000000716,-0.14800000000001035,-0.18600000000000705,-0.13700000000001467,-0.04100000000001103,109.16,109.238,109.14399999999999,109.15899999999999
2018-04-27 11:00:00,-0.09200000000001296,-0.12800000000001432,-0.1740000000000066,-0.18300000000002115,-0.17100000000000648,-0.1220000000000141,109.15799999999999,109.245,109.15700000000001,109.17399999999999
2018-04-27 12:00:00,0.021000000000015007,-0.0870000000000033,-0.12300000000000466,-0.11499999999999488,-0.17800000000001148,-0.16599999999999682,109.175,109.219,109.15299999999999,109.179
2018-04-27 13:00:00,0.08400000000000318,0.08500000000000796,-0.023000000000010346,-0.06400000000000716,-0.05100000000000193,-0.11400000000001853,109.178,109.323,109.163,109.243
2018-04-27 14:00:00,0.1290000000000049,0.14400000000000546,0.14500000000001023,-0.045000000000001705,-0.0040000000000048885,0.009000000000000341,109.244,109.339,109.244,109.303
2018-04-27 15:00:00,0.21399999999998442,0.2189999999999941,0.23399999999999466,0.09099999999997976,0.044999999999987494,0.08599999999998431,109.303,109.50200000000001,109.273,109.39299999999999
2018-04-27 16:00:00,0.132000000000005,0.19599999999999795,0.20100000000000762,0.10899999999999466,0.07299999999999329,0.027000000000001023,109.39200000000001,109.402,109.287,109.375
2018-04-27 17:00:00,-0.001999999999995339,0.058000000000006935,0.12199999999999989,0.1430000000000149,0.03499999999999659,-0.0010000000000047748,109.375,109.384,109.256,109.301
2018-04-27 18:00:00,-0.08599999999998431,0.0040000000000048885,0.06400000000000716,0.14800000000001035,0.14900000000001512,0.04099999999999682,109.302,109.365,109.302,109.307
2018-04-27 19:00:00,-0.05500000000000682,-0.07299999999999329,0.016999999999995907,0.1460000000000008,0.16100000000000136,0.16200000000000614,109.309,109.348,109.29700000000001,109.32
2018-04-27 20:00:00,0.01100000000000989,-0.06299999999998818,-0.08099999999997465,0.13300000000000978,0.13800000000001944,0.15300000000002,109.319,109.536,109.26299999999999,109.31200000000001
2018-04-27 21:00:00,-0.10300000000000864,-0.09700000000000841,-0.17100000000000648,-0.03900000000000148,0.024999999999991473,0.030000000000001137,109.31299999999999,109.34299999999999,109.12899999999999,109.204
2018-04-27 22:00:00,-0.2459999999999951,-0.2330000000000041,-0.22700000000000387,-0.2289999999999992,-0.16899999999999693,-0.10500000000000398,109.20299999999999,109.266,108.964,109.074
2018-04-27 23:00:00,-0.1950000000000074,-0.20299999999998875,-0.18999999999999773,-0.27599999999998204,-0.18599999999999284,-0.12599999999999056,109.074,109.141,109.007,109.117
2018-04-28 00:00:00,-0.11999999999999034,-0.22800000000000864,-0.23599999999999,-0.2909999999999968,-0.3089999999999833,-0.2189999999999941,109.119,109.148,109.04700000000001,109.084
2018-04-28 01:00:00,0.03100000000000591,-0.09899999999998954,-0.20700000000000784,-0.19599999999999795,-0.269999999999996,-0.2879999999999825,109.084,109.146,109.084,109.105
2018-04-28 02:00:00,-0.0940000000000083,-0.05100000000000193,-0.18099999999999739,-0.284000000000006,-0.2780000000000058,-0.35200000000000387,109.10799999999999,109.12100000000001,109.016,109.023
2018-04-28 03:00:00,-0.025000000000005684,-0.058000000000006935,-0.015000000000000568,-0.2609999999999957,-0.24800000000000466,-0.24200000000000443,109.023,109.069,108.986,109.059
2018-04-28 04:00:00,-0.060000000000002274,-0.03900000000000148,-0.07200000000000273,-0.2670000000000101,-0.2749999999999915,-0.26200000000000045,109.057,109.137,109.03399999999999,109.045
2018-04-30 05:00:00,0.05700000000000216,-0.025000000000005684,-0.0040000000000048885,-0.12399999999999523,-0.23200000000001353,-0.23999999999999488,109.057,109.089,109.01700000000001,109.08
2018-04-30 06:00:00,0.08399999999998897,0.11999999999999034,0.03799999999998249,0.0689999999999884,-0.06100000000000705,-0.16900000000002535,109.08,109.161,109.07700000000001,109.14299999999999
2018-04-30 07:00:00,0.04899999999999238,0.03499999999999659,0.07099999999999795,-0.023000000000010346,0.01999999999999602,-0.10999999999999943,109.14299999999999,109.179,109.09299999999999,109.094
2018-04-30 08:00:00,-0.006000000000000227,0.028999999999996362,0.015000000000000568,-0.010000000000005116,-0.043000000000006366,0.0,109.09299999999999,109.105,109.02,109.074
2018-04-30 09:00:00,-0.05499999999999261,0.007999999999995566,0.042999999999992156,-0.017000000000010118,0.003999999999990678,-0.029000000000010573,109.073,109.126,109.06,109.088
2018-04-30 10:00:00,0.02600000000001046,-0.022999999999981924,0.04000000000000625,0.09700000000000841,0.015000000000000568,0.036000000000001364,109.089,109.133,109.068,109.12
2018-04-30 11:00:00,0.060000000000002274,0.04000000000000625,-0.00899999999998613,0.07500000000000284,0.1110000000000042,0.028999999999996362,109.12100000000001,109.15100000000001,109.101,109.134
2018-04-30 12:00:00,0.04999999999999716,0.06399999999999295,0.04399999999999693,0.09299999999998931,0.07899999999999352,0.11499999999999488,109.134,109.156,109.124,109.13799999999999
2018-04-30 13:00:00,0.02200000000000557,0.05400000000001626,0.06800000000001205,0.06200000000001182,0.09700000000000841,0.08300000000001262,109.137,109.164,109.12899999999999,109.14200000000001
2018-04-30 14:00:00,0.06300000000000239,0.07699999999999818,0.10900000000000887,0.05400000000001626,0.11700000000000443,0.15200000000000102,109.14299999999999,109.211,109.14,109.197
2018-04-30 15:00:00,0.10999999999999943,0.11399999999999011,0.1279999999999859,0.15399999999999636,0.10500000000000398,0.16799999999999216,109.196,109.262,109.18700000000001,109.24799999999999
2018-04-30 16:00:00,0.1659999999999826,0.1700000000000017,0.17399999999999238,0.23399999999999466,0.21399999999999864,0.16500000000000625,109.24799999999999,109.32799999999999,109.241,109.30799999999999
2018-04-30 17:00:00,0.05299999999999727,0.10799999999998988,0.11200000000000898,0.16200000000000614,0.17600000000000193,0.1560000000000059,109.307,109.32600000000001,109.242,109.25
2018-04-30 18:00:00,0.018000000000014893,0.06900000000000261,0.12399999999999523,0.1460000000000008,0.17800000000001148,0.19200000000000728,109.25,109.305,109.23100000000001,109.266
2018-04-30 19:00:00,0.060000000000002274,0.12000000000000455,0.17099999999999227,0.23399999999999466,0.24799999999999045,0.28000000000000114,109.26799999999999,109.40700000000001,109.264,109.368
2018-04-30 20:00:00,0.07099999999999795,0.01300000000000523,0.0730000000000075,0.18300000000000693,0.1869999999999976,0.2009999999999934,109.37,109.429,109.29700000000001,109.321
2018-04-30 21:00:00,0.1039999999999992,0.12000000000000455,0.06200000000001182,0.22799999999999443,0.23200000000001353,0.2360000000000042,109.321,109.415,109.28399999999999,109.37
2018-04-30 22:00:00,0.06300000000000239,0.16499999999999204,0.18099999999999739,0.23399999999999466,0.28899999999998727,0.29300000000000637,109.37,109.45200000000001,109.29899999999999,109.431
2018-04-30 23:00:00,-0.03499999999999659,-0.08199999999999363,0.01999999999999602,0.038000000000010914,0.08899999999999864,0.14399999999999125,109.431,109.44,109.24600000000001,109.286
